title,url,origin
MG ONE：燃油車的智能化「反攻」 | 機器之心,https://www.jiqizhixin.com/articles/2021-09-13-4,https://www.jiqizhixin.com
蘋果自動駕駛任命新負責人，由手錶項目高管監督泰坦計劃 | 機器之心,https://www.jiqizhixin.com/articles/2021-09-13-3,https://www.jiqizhixin.com
加氫站迎來技術創新：可兼具制氫、儲能功能，緩解電網壓力 | 機器之心,https://www.jiqizhixin.com/articles/2021-09-13-2,https://www.jiqizhixin.com
汽車攝像頭將如何改變V2V的未來？ | 機器之心,https://www.jiqizhixin.com/articles/2021-09-13,https://www.jiqizhixin.com
有指 Android 12 將會在 10 月 4 日推出,https://chinese.engadget.com/android-12-release-date-leak-030508193.html,https://chinese.engadget.com
AI Image Upscaler 使用 AI 放大圖片不降低畫質不失真模糊,https://free.com.tw/ai-image-upscaler/,https://free.com.tw
臺北創業幫舉辦線上論壇，聚焦金融科技和物流科技 | T客邦,https://www.techbang.com/posts/89796-taipei-entrepreneurs-hub-hosts-taipei-innovation-summit-2021,https://www.techbang.com
「自學太極拳」基本 24 式，有超清楚文字說明、3D 動態示範圖！ – 重灌狂人,https://briian.com/77621/,https://briian.com
振興五倍券數位綁定：教你如何使用！信用卡綁定還有加碼優惠 - 蘋果仁 - 果仁 iPhone/iOS/好物推薦科技媒體,https://applealmond.com/posts/113939,https://applealmond.com
用區塊鏈追蹤疫苗的優勝之處 - UNWIRE.PRO,https://unwire.pro/?p=105121,https://unwire.pro
【評測】Razer Hammerhead True Wireless 2021 真無線藍牙耳機  超激RGB燈光 + 低音沉實清晰度夠 - 香港 unwire.hk,https://unwire.hk/2021/09/13/razer-hammerhead-ture-wireless-2021/mobile-music/headphones/,https://unwire.hk
Vimeo 加入 Dolby Vision 支援  僅對應 iPhone 12 Pro 系列 - 香港 unwire.hk,https://unwire.hk/2021/09/13/dolby-vision-support-apple-devices/mobile-phone/,https://unwire.hk
Google One 雲端儲存  新增 5TB 付費計劃 - 香港 unwire.hk,https://unwire.hk/2021/09/13/google-one-5tb-storage-plan/life-tech/social-network/,https://unwire.hk
"「監管者聯盟」將出手？美聯邦監管機構正討論是否讓 FSOC 調查穩定幣 - 動區動趨-最具影響力的區塊鏈媒體 (比特幣, 加密貨幣)",https://www.blocktempo.com/stablecoins-face-crackdown-as-u-s-discusses-risk-fsoc-might-interfere/,https://www.blocktempo.com
YouTube App 全螢幕播放顯示留言功能開啟教學（iOS &Android） - 電腦王阿達,https://www.kocpc.com.tw/archives/402691,https://www.kocpc.com.tw
64GB 掰！郭明錤預測 iPhone 13 Pro 最高容量將達 1TB - 電腦王阿達,https://www.kocpc.com.tw/archives/402720,https://www.kocpc.com.tw
微軟收購線上課程公司TakeLessons，加速佈局數位學習市場｜數位時代 BusinessNext,https://www.bnext.com.tw/article/65016/microsoft-acquires-takelessons,https://www.bnext.com.tw
"韓國加密貨幣專家 Jaewoo Cho：短期投資迎來上行，韓國監管是好事 - 動區動趨-最具影響力的區塊鏈媒體 (比特幣, 加密貨幣)",https://www.blocktempo.com/korean-crypto-kol-jaewoo-cho-short-period-will-rise-requlation-in-korea-is-positive/,https://www.blocktempo.com
Language Reactor 看 Netflix 與 YouTube 影片學英語外掛，支援逐句播放 / 逐句翻譯 / 單字庫 / 字典 / 字幕匯出 :: 哇哇3C日誌,https://ez3c.tw/9720,https://ez3c.tw
‧ 物聯網在農業中的 5 個應用 —— 讓農業更智慧 - 3S Market「全球智慧科技應用」市場資訊網,http://3smarket-info.blogspot.com/2021/09/5.html,http://3smarket-info.blogspot.com
‧ 用於零售防損的物聯網：是福還是禍？ - 3S Market「全球智慧科技應用」市場資訊網,http://3smarket-info.blogspot.com/2021/09/blog-post_841.html,http://3smarket-info.blogspot.com
最強廣告阻擋軟體 ADGuard 終身授權特價 usd 29.99 送 30 usd 禮品卡 @3C 達人廖阿輝,https://ahui3c.com/105351/adguard-sales,https://ahui3c.com
最合手旗艦 Xperia 5 III (1) 性能電力實測！ 還有遊戲實測 + 充電測試 @3C 達人廖阿輝,https://ahui3c.com/105290/xperia-5-iii-2,https://ahui3c.com
多位CS教授操刀，這本書帶你入門「提升概率推理」，免費預覽章節放出 | 機器之心,https://www.jiqizhixin.com/articles/2021-09-12-3,https://www.jiqizhixin.com
華人學生團隊獲國際神經網絡驗證大賽佳績：總分第一，五大單項第一 | 機器之心,https://www.jiqizhixin.com/articles/2021-09-12-2,https://www.jiqizhixin.com
一塊V100運行上千個智能體、數千個環境，這個「曲率引擎」框架實現RL百倍提速 | 機器之心,https://www.jiqizhixin.com/articles/2021-09-12,https://www.jiqizhixin.com
Google 開始在桌機版搜尋網頁上推出深色模式,https://chinese.engadget.com/google-search-dark-mode-desktop-020052392.html,https://chinese.engadget.com
【狂人日記】空投大賽要開始了嗎？9 月 12 日行情分析 - 區塊客,https://blockcast.it/2021/09/12/madman-column-price-analysis-2021-sep-12/,https://blockcast.it
911事件20週年紀念：拜登出席3場致敬、讚團結是最大力量，並再度為撤軍辯護 - The News Lens 關鍵評論網,https://www.thenewslens.com/article/156325,https://www.thenewslens.com
睽違114日馬雲首度現身、阿里巴巴規劃「共富」行動，中共：「壟斷與共同富裕背道而馳」 - The News Lens 關鍵評論網,https://www.thenewslens.com/article/156324,https://www.thenewslens.com
蘋果 iPad mini 6 曝光：搭載 8.4 吋四面等寬 LCD 全螢幕，直角邊框，USB-C 連接埠 | T客邦,https://www.techbang.com/posts/89876-apple-ipad-mini-6-exposure-equipped-with-84-inch-four-sided,https://www.techbang.com
"Fitbit Luxe開箱評測：具備壓力、血氧偵測、20種運動模式，價格4,990元 | T客邦",https://www.techbang.com/posts/89190-fitbit-luxe-smart-bracelet-with-a-full-texture,https://www.techbang.com
聯發科發表迅坤 900T 處理器，將用在平板和 Chromebook 筆電 | T客邦,https://www.techbang.com/posts/89815-mediatek,https://www.techbang.com
他上淘寶買了三款「可發電」行動電源，測試在災難情況下、手搖發電、太陽能發電實用嗎？ | T客邦,https://www.techbang.com/posts/88887-hand-shake-power-generation-solar-energy-conversion-these,https://www.techbang.com
Google 桌機版將開始推送「深色模式」，未來陸續送到你的電腦上 | T客邦,https://www.techbang.com/posts/89867-google-search-finally-launches-dark-mode,https://www.techbang.com
李根政 X 傅志男—大叔帶你走讀高屏溪（下）：臺灣剛經歷百年大旱，提醒我們珍惜每一滴水 - The News Lens 關鍵評論網,https://www.thenewslens.com/article/156150,https://www.thenewslens.com
Emoji Finder 在電腦搜尋喜歡的 iOS 原生表情符號,https://free.com.tw/emoji-finder/,https://free.com.tw
遊戲、電商齊開花，蝦皮創辦人李小冬躍升新加坡首富！因賈伯斯激勵踏上追夢路 | T客邦,https://www.techbang.com/posts/89616-games-e-commerce-flowering-shrimp-skin-founder-li-xiaodong,https://www.techbang.com
如何下載Facebook的限動影片？ | T客邦,https://www.techbang.com/posts/89357-how-do-i-download-facebooks-limited-overs-videos,https://www.techbang.com
研究人員：Windows最新MSHTML漏洞比想像中危險 | iThome,https://www.ithome.com.tw/news/146650,https://www.ithome.com.tw
華人物理學家葉軍斬獲基礎物理學突破獎，他的鍾150億年不差一秒 | 機器之心,https://www.jiqizhixin.com/articles/2021-09-11-4,https://www.jiqizhixin.com
美國禁止綁定應用商店內購支付：蘋果App Store世紀審判，Epic贏了 | 機器之心,https://www.jiqizhixin.com/articles/2021-09-11-3,https://www.jiqizhixin.com
一個「PPT」框架，讓超大模型調參變簡單：清華劉知遠、黃民烈團隊力作 | 機器之心,https://www.jiqizhixin.com/articles/2021-09-11-2,https://www.jiqizhixin.com
寫字、畫畫、打太極，機器人版「功夫熊貓」誕生，國寶出征迪拜世博會 | 機器之心,https://www.jiqizhixin.com/articles/2021-09-11,https://www.jiqizhixin.com
【 統一獅 vs 中信兄弟象】中華職棒直播 LINE Today 線上看、9/12 CPBL下半季線上轉播-2021 - 蘋果仁 - 果仁 iPhone/iOS/好物推薦科技媒體,https://applealmond.com/posts/113928,https://applealmond.com
【中信兄弟象 vs 統一獅】中華職棒直播、9/12 免費直播線上看、兄弟象Twitch直播-2021 - 蘋果仁 - 果仁 iPhone/iOS/好物推薦科技媒體,https://applealmond.com/posts/113924,https://applealmond.com
把 iPhone 裝在車上當導航？蘋果、網友：拍照功能提早壞掉 - 蘋果仁 - 果仁 iPhone/iOS/好物推薦科技媒體,https://applealmond.com/posts/113941,https://applealmond.com
【味全龍 vs 富邦悍將】中華職棒直播、LINE Today Live 直播線上看、9/12 CPBL下半季線上轉播-2021 - 蘋果仁 - 果仁 iPhone/iOS/好物推薦科技媒體,https://applealmond.com/posts/113934,https://applealmond.com
滑軟體總是配不到對？10個女生最討厭的「交友軟體地雷」，長太帥也沒用？！ | manfashion這樣變型男,https://mf.techbang.com/posts/14679-slip-software-is-always-not-right-10-girls-most-annoying-dating-software-mine-chang-tai-handsome-is-useless,https://mf.techbang.com
iPhone13倒數，臺股新題材來了：臺積電獨家供應A15處理器、鴻海拿下7成組裝訂單-風傳媒,https://www.storm.mg/lifestyle/3932545,https://www.storm.mg
傳 Apple 會指派前穿戴裝置負責人 Kevin Lynch 來領導造車團隊,https://chinese.engadget.com/apple-appoints-kevin-lynch-car-division-100057226.html,https://chinese.engadget.com
碳之鍊金術師！冰島新創公司，將 4 千公噸 CO2 變成石頭 | CitiOrange 公民報橘,https://buzzorange.com/citiorange/?p=40984,https://buzzorange.com
經濟部挺工研院攜手Arm共構新創IC設計平臺 | T客邦,https://www.techbang.com/posts/89733-itri-and-arm-establish-new-ic-design-platform,https://www.techbang.com
【總整理】璨樹減弱為中颱但仍應嚴防風雨，全臺停班停課、交通異動一次看 - The News Lens 關鍵評論網,https://www.thenewslens.com/article/156307,https://www.thenewslens.com
遠距投保時代來臨，訊連科技推出FaceMe Fintech解決方案 | T客邦,https://www.techbang.com/posts/89730-cyberlink-launches-faceme-fintech-facial-recognition-solutions,https://www.techbang.com
別挖我的牆角：賈伯斯生前郵件竟爆出祕密協議 | T客邦,https://www.techbang.com/posts/88006-dont-dig-my-corner-jobss-life-mail-broke-secret-agreements,https://www.techbang.com
百歲家庭，點樣預早準備？ - The News Lens 關鍵評論網,https://www.thenewslens.com/article/156294,https://www.thenewslens.com
子宮內膜「增厚」與「增生」差了十萬八千里，精準診斷就靠子宮鏡切片 - The News Lens 關鍵評論網,https://www.thenewslens.com/article/155933,https://www.thenewslens.com
蘋果不建議你把iPhone固定在機車上，引擎產生的震動可能會損壞iPhone鏡頭 | T客邦,https://www.techbang.com/posts/89856-apples-official-documents-dont-recommend-that-you-fix-your,https://www.techbang.com
細說從頭，出走他鄉的故事 - The News Lens 關鍵評論網,https://www.thenewslens.com/article/156141,https://www.thenewslens.com
LINE推出「動態表情貼」，首波出動法鬥皮古、懶散兔 | T客邦,https://www.techbang.com/posts/89803-line-launches-animated-emojis,https://www.techbang.com
17LIVE宣佈全球品牌重塑計畫，淡化臺灣味、全新LOGO並進軍新加坡、菲律賓 | T客邦,https://www.techbang.com/posts/89847-17live-6th-anniversary-announces-global-rebranding,https://www.techbang.com
徠卡推出 Leica Q2「007限量版」全球限定 250 臺售價 26.9 萬 | T客邦,https://www.techbang.com/posts/89821-leica-007,https://www.techbang.com
賀錦麗前腳剛走還贈100萬劑輝瑞疫苗，王毅訪越南加碼送300萬劑中國疫苗 - The News Lens 關鍵評論網,https://www.thenewslens.com/article/156270,https://www.thenewslens.com
繼薩爾瓦多之後 宏都拉斯、瓜地馬拉央行也表示考慮數加密貨幣作為法定貨幣使用 #比特幣 (165490) - Cool3c,https://www.cool3c.com/article/165490,https://www.cool3c.com
三星 Galaxy Note 系列終止 但 S Pen 取得可當做遙控器、手持拍攝或收音裝置等新設計專利 (165416) - Cool3c,https://www.cool3c.com/article/165416,https://www.cool3c.com
蘋果 App Store 政策因訴訟讓步 但判決顯示 EPIC Games 需支付 360 萬美金才能重回 App Store (165418) - Cool3c,https://www.cool3c.com/article/165418,https://www.cool3c.com
Android 12「隱私運算核心」設計 將更能確保用戶數據安全 #Google (165401) - Cool3c,https://www.cool3c.com/article/165401,https://www.cool3c.com
17Live 宣佈啟用品牌重塑計畫 強化佈局東南亞市場 (165387) - Cool3c,https://www.cool3c.com/article/165387,https://www.cool3c.com
vivo X70系列手機發表 加入自製影像晶片 V1 並再與蔡司合作 強化拍攝體驗 #x70 Pro (165356) - Cool3c,https://www.cool3c.com/article/165356,https://www.cool3c.com
Tesla 將推出以人工智慧計算電費 進軍能源銷售市場 #powerwall (165346) - Cool3c,https://www.cool3c.com/article/165346,https://www.cool3c.com
"比特幣 | Willy Woo :「過度槓桿引起崩跌，非巨鯨拋售」；沈睡7年，2,720 BTC突甦醒 - 動區動趨-最具影響力的區塊鏈媒體 (比特幣, 加密貨幣)",https://www.blocktempo.com/willy-woo-expains-why-bitcoin-drop-over-leverage-gaming-an-address-with-2720-btc-awaken/,https://www.blocktempo.com
"市值悄悄飆至「全球第三」，Cardano 被高估了嗎？ - 動區動趨-最具影響力的區塊鏈媒體 (比特幣, 加密貨幣)",https://www.blocktempo.com/is-cardano-overestimated/,https://www.blocktempo.com
"探討｜以太坊 2.0 之後，ETH 礦工將何去何從？ - 動區動趨-最具影響力的區塊鏈媒體 (比特幣, 加密貨幣)",https://www.blocktempo.com/after-ethereum-2-0-whats-next-for-eth-miners/,https://www.blocktempo.com
德州新法案限制社交平臺封殺用戶　不得因其觀點禁止發佈合法內容 - 香港 unwire.hk,https://unwire.hk/2021/09/12/texas-social-media-law-hb-20-signed/life-tech/social-network/,https://unwire.hk
"SBF :「機構對Solana興趣正增長」; 8月底 Sol ADA 淨資金流入超BTC ETH - 動區動趨-最具影響力的區塊鏈媒體 (比特幣, 加密貨幣)",https://www.blocktempo.com/sbf-sees-growing-institutional-interest-in-solana-institutional-invest-one-of-third/,https://www.blocktempo.com
PNG Repo 免費下載 30 萬高解析 ICON 圖庫，強大搜尋、支援商用,https://www.playpcesor.com/2021/09/png-repo-30-icon.html,https://www.playpcesor.com
iPhone 空間不足怎麼辦？10 個讓 iPhone 有更多空間可以用的方法 - 蘋果仁 - 果仁 iPhone/iOS/好物推薦科技媒體,https://applealmond.com/posts/113436,https://applealmond.com
"奈及利亞的央行數位貨幣 eNaira 預計於 10 / 1 號進入試點階段 - 動區動趨-最具影響力的區塊鏈媒體 (比特幣, 加密貨幣)",https://www.blocktempo.com/nigeria-cbdc-pilot-rollout-10-1/,https://www.blocktempo.com
"臺灣虛擬貨幣財殺案 | 2少年為搶 10萬USDT殺人，父母判賠562萬 - 動區動趨-最具影響力的區塊鏈媒體 (比特幣, 加密貨幣)",https://www.blocktempo.com/taiwan-usdt-otc-trad-scam-victum-stab-7-death/,https://www.blocktempo.com
蘋果發表會 Apple Watch Series 7 外型、功能規格重點整理 - 蘋果仁 - 果仁 iPhone/iOS/好物推薦科技媒體,https://applealmond.com/posts/113577,https://applealmond.com
"中國官媒警告 :「NFT存在巨大泡沫！炒作冷去價格必然崩盤」 - 動區動趨-最具影響力的區塊鏈媒體 (比特幣, 加密貨幣)",https://www.blocktempo.com/nft-crisis-chinese-communist-party-warn-of-hype-bubble/,https://www.blocktempo.com
LG Chem 開發新物料  可用於未來摺疊屏幕手機 - 香港 unwire.hk,https://unwire.hk/?p=1059046,https://unwire.hk
面對維修權，科技企業能否 ESG 到底？ - *CUP,https://www.cup.com.hk/2021/09/13/right-to-repair-esg/,https://www.cup.com.hk
Deepfake：AI 偽造歌聲的問題 - *CUP,https://www.cup.com.hk/2021/09/13/deepfake-singer-voice/,https://www.cup.com.hk
【狂人日記】從《失控玩家》，看未來的影子。9 月 11 日行情分析 - 區塊客,https://blockcast.it/2021/09/11/madman-column-price-analysis-2021-sep-11/,https://blockcast.it
5款平價「藍牙耳機」推薦！OPPO快速充電超方便、小米600元有找太佛心！ | manfashion這樣變型男,https://mf.techbang.com/posts/14369-in-addition-to-airpods-these-5-affordable-bluetooth-headset-cp-value-is-very-high-oppo-fast-charging-super-convenient-xiaomi-600-yuan-to-find-too-buddha-heart,https://mf.techbang.com
蘋圖解 / IG 沒通知解決方法 2021，這 5 種方式超有效 - 蘋果仁 - 果仁 iPhone/iOS/好物推薦科技媒體,https://applealmond.com/posts/113832,https://applealmond.com
蘋果仁 - 果仁 iPhone/iOS/好物推薦科技媒體,https://applealmond.com/?p=113832,https://applealmond.com
【味全龍 vs 富邦悍將】中華職棒直播、LINE Today Live 直播線上看、9/11 CPBL下半季線上轉播-2021 - 蘋果仁 - 果仁 iPhone/iOS/好物推薦科技媒體,https://applealmond.com/?p=113865,https://applealmond.com
【 樂天桃猿 vs 中信兄弟象】中華職棒直播 LINE Today 線上看、9/11 CPBL下半季線上轉播-2021 - 蘋果仁 - 果仁 iPhone/iOS/好物推薦科技媒體,https://applealmond.com/?p=113862,https://applealmond.com
蘋果對決Epic games法院判決出爐　未來app消費可通過其他支付管道,https://www.upmedia.mg/news_info.php?SerialNo=124163,https://www.upmedia.mg
【響應共同富裕】中國企業個人捐款排行榜　阿里巴巴騰訊1000億暫居榜首,https://www.upmedia.mg/news_info.php?SerialNo=123888,https://www.upmedia.mg
美軍機密新型匿蹤無人機RQ-180　疑似偵查中國周遭、在菲律賓被發現,http://www.upmedia.mg/news_info.php?SerialNo=124090,http://www.upmedia.mg
在家中享受如臨現場的音樂感動: Vivid Audio KAYA 90落地喇叭 – MY-HiEND,https://tw.my-hiend.com/%e5%9c%a8%e5%ae%b6%e4%b8%ad%e4%ba%ab%e5%8f%97%e5%a6%82%e8%87%a8%e7%8f%be%e5%a0%b4%e7%9a%84%e9%9f%b3%e6%a8%82%e6%84%9f%e5%8b%95-vivid-audio-kaya-90%e8%90%bd%e5%9c%b0%e5%96%87%e5%8f%ad/,https://tw.my-hiend.com
中國駭客APT41附屬組織利用Sidewalk後門發動攻擊，臺灣也有災情 | iThome,https://www.ithome.com.tw/news/146654,https://www.ithome.com.tw
蘋果抓漏專案風評差：封閉、付款慢、修補也慢 | iThome,https://www.ithome.com.tw/news/146653,https://www.ithome.com.tw
Amazon進入電視機領域，推出Fire TV系列智慧電視 | iThome,https://www.ithome.com.tw/news/146652,https://www.ithome.com.tw
揭開深度強化學習的神祕面紗 | 機器之心,https://www.jiqizhixin.com/articles/2021-09-10-4,https://www.jiqizhixin.com
臉書發表Ray-Ban Stories智慧眼鏡 | iThome,https://www.ithome.com.tw/news/146641,https://www.ithome.com.tw
曠視科創板IPO過會：擬募資60.18億元，阿里係爲最大股東 | 機器之心,https://www.jiqizhixin.com/articles/2021-09-10-3,https://www.jiqizhixin.com
綜合LSTM、transformer優勢，DeepMind強化學習智能體提高數據效率 | 機器之心,https://www.jiqizhixin.com/articles/2021-09-10-2,https://www.jiqizhixin.com
ICCV 2021 | 兼顧圖像超分辨率、圖像再縮放，ETH提出新型統一框架HCFlow，已開源 | 機器之心,https://www.jiqizhixin.com/articles/2021-09-10,https://www.jiqizhixin.com
微軟修補可在Azure上接管他人容器的Azurescape漏洞 | iThome,https://www.ithome.com.tw/news/146639,https://www.ithome.com.tw
蘋果Apple Watch主管接手自駕車開發專案部門 | iThome,https://www.ithome.com.tw/news/146635,https://www.ithome.com.tw
誠品新電商平臺開站後首度加入週年慶，打造線下快閃店實現虛實融合購物體驗 | iThome,https://www.ithome.com.tw/news/146623,https://www.ithome.com.tw
報導：德國政府曾向NSO購買Pegasus間諜軟體 | iThome,https://www.ithome.com.tw/news/146621,https://www.ithome.com.tw
與人大附中合作培養AI人才：亞馬遜雲科技在中國啓動系列新計劃 | 機器之心,https://www.jiqizhixin.com/articles/2021-09-09-7,https://www.jiqizhixin.com
特斯拉8月在華銷量首破4萬臺，或已達產能極限 | 機器之心,https://www.jiqizhixin.com/articles/2021-09-09-6,https://www.jiqizhixin.com
誰在慕尼黑悄悄搶了整車廠的「風頭」？ | 機器之心,https://www.jiqizhixin.com/articles/2021-09-09-5,https://www.jiqizhixin.com
駭客公佈50萬組Fortinet VPN憑證 | iThome,https://www.ithome.com.tw/news/146620,https://www.ithome.com.tw
Coinbase的加密貨幣借貸服務收到SEC的提告通知 | iThome,https://www.ithome.com.tw/news/146613,https://www.ithome.com.tw
國產芯賦能，亮風臺終端新品5G AR智能眼鏡HiAR H100發佈，AR平臺全新升級 | 機器之心,https://www.jiqizhixin.com/articles/2021-09-09-4,https://www.jiqizhixin.com
勒索軟體REvil於暗網中再現蹤跡 | iThome,https://www.ithome.com.tw/news/146618,https://www.ithome.com.tw
五倍券10/8起開放使用，因應防疫、轉型需要，政府力推數位券 | iThome,https://www.ithome.com.tw/news/146617,https://www.ithome.com.tw
AI趨勢周報第176期：Uber數百PB資料分析全靠開源平臺，如何思考省錢戰略？ | iThome,https://www.ithome.com.tw/news/146616,https://www.ithome.com.tw
紐西蘭郵政總局、銀行遭DDoS攻擊 | iThome,https://www.ithome.com.tw/news/146614,https://www.ithome.com.tw
世界最強聚變磁體，地球磁場50萬倍，2025年有望建成聚變發電站原型 | 機器之心,https://www.jiqizhixin.com/articles/2021-09-09-3,https://www.jiqizhixin.com
十年學術生涯新開端：港中文助理教授周博磊宣佈加入UCLA | 機器之心,https://www.jiqizhixin.com/articles/2021-09-09-2,https://www.jiqizhixin.com
僱不起的質檢員，停不起機的工廠，製造業轉型有何良方？ | 機器之心,https://www.jiqizhixin.com/articles/2021-09-09,https://www.jiqizhixin.com
Jenkins已棄用的Confluence伺服器遭駭，Jenkins主程式、外掛軟體、程式碼皆不受影響 | iThome,https://www.ithome.com.tw/news/146611,https://www.ithome.com.tw
Google推出2款Meet商用裝置 | iThome,https://www.ithome.com.tw/news/146610,https://www.ithome.com.tw
IoT雙周報第99期：無人叫車服務將屆滿一年，Waymo自駕車終於駛入舊金山市區 | iThome,https://www.ithome.com.tw/news/146609,https://www.ithome.com.tw
Canonical推輕量Anbox Cloud，可安裝至單個AWS執行個體 | iThome,https://www.ithome.com.tw/news/146602,https://www.ithome.com.tw
微軟併購網頁影片編輯器Clipchamp，補充Microsoft 365產品組合 | iThome,https://www.ithome.com.tw/news/146600,https://www.ithome.com.tw
福特汽車挖走了蘋果的汽車主管Doug Field | iThome,https://www.ithome.com.tw/news/146603,https://www.ithome.com.tw
國安局今年上半遭到逾3萬次攻擊，直逼去年總和 | iThome,https://www.ithome.com.tw/news/146601,https://www.ithome.com.tw
機器學習崛起：從材料設計到生物醫學、量子計算....再到工業應用,https://www.jiqizhixin.com/articles/2021-09-08-8,https://www.jiqizhixin.com
美國能源部投資1370萬美元用於科學「數據縮減」研究 | 機器之心,https://www.jiqizhixin.com/articles/2021-09-08-7,https://www.jiqizhixin.com
薩爾瓦多成為全球第一個接納比特幣為法定貨幣的國家 | iThome,https://www.ithome.com.tw/news/146598,https://www.ithome.com.tw
資安一週第162期：為落實個資保護監管責任及跨機關協調，行政院建立個資保護執行聯繫機制 | iThome,https://www.ithome.com.tw/news/146597,https://www.ithome.com.tw
蘋果造車陷僵局？領頭人突然宣佈跳槽福特 | 機器之心,https://www.jiqizhixin.com/articles/2021-09-08-6,https://www.jiqizhixin.com
全新instruction調優，零樣本性能超越小樣本，谷歌1370億參數新模型比GPT-3更強 | 機器之心,https://www.jiqizhixin.com/articles/2021-09-08-5,https://www.jiqizhixin.com
2021加拿大皇家科學院院士新增名單公佈，楊強教授等多位華人當選 | 機器之心,https://www.jiqizhixin.com/articles/2021-09-08-4,https://www.jiqizhixin.com
我們和騰訊一同做了件事，想讓困難學生免費學習 AI | 機器之心,https://www.jiqizhixin.com/articles/2021-09-08-3,https://www.jiqizhixin.com
蘋果宣佈要在9月14日舉行虛擬發表會 | iThome,https://www.ithome.com.tw/news/146592,https://www.ithome.com.tw
Windows RCE漏洞已有鎖定Office用戶的攻擊，微軟緊急提供緩解指示 | iThome,https://www.ithome.com.tw/news/146584,https://www.ithome.com.tw
泰達觀點分享 | 量產智能駕駛或將長期停留在L2階段 | 機器之心,https://www.jiqizhixin.com/articles/2021-09-08-2,https://www.jiqizhixin.com
寶馬i循環概念車發佈，2050實現淨零碳排放 | 機器之心,https://www.jiqizhixin.com/articles/2021-09-08,https://www.jiqizhixin.com
AWS新服務合併量子電腦解決加密金鑰被破解的問題 | iThome,https://www.ithome.com.tw/news/146583,https://www.ithome.com.tw
紐時：開挖比特幣所使用的電力是Google總用電量的7倍 | iThome,https://www.ithome.com.tw/news/146582,https://www.ithome.com.tw
Google以深度學習偵測異常胸腔X光片，可找出訓練資料集未見過的肺部異常 | iThome,https://www.ithome.com.tw/news/146578,https://www.ithome.com.tw
華爲車BU再發任命通知，撤銷總裁崗位，官方已迴應 | 機器之心,https://www.jiqizhixin.com/articles/2021-09-07-9,https://www.jiqizhixin.com
當電動化不再新鮮，慕尼黑車展有什麼看點？ | 機器之心,https://www.jiqizhixin.com/articles/2021-09-07-8,https://www.jiqizhixin.com
工研院以Arm聯手，為新創業者引進Arm IP打造IC設計平臺 | iThome,https://www.ithome.com.tw/news/146580,https://www.ithome.com.tw
隱私郵件服務ProtonMail將用戶IP交給警方掀風波 | iThome,https://www.ithome.com.tw/news/146577,https://www.ithome.com.tw
藍牙耳機可能讓使用者被人追蹤 | iThome,https://www.ithome.com.tw/news/146575,https://www.ithome.com.tw
在理解通用近似定理之前，你可能都不會理解神經網絡 | 機器之心,https://www.jiqizhixin.com/articles/2021-09-07-6,https://www.jiqizhixin.com
UT Austin朱玉可主講，CS391R 2021秋季課程上線，專注機器人感知與決策 | 機器之心,https://www.jiqizhixin.com/articles/2021-09-07-5,https://www.jiqizhixin.com
出賣靈魂：OpenAI十億美元賣身微軟之後，通用人工智能還有希望嗎 | 機器之心,https://www.jiqizhixin.com/articles/2021-09-07-4,https://www.jiqizhixin.com
國內數十位NLP大佬合作，綜述預訓練模型的過去、現在與未來 | 機器之心,https://www.jiqizhixin.com/articles/2021-09-07-3,https://www.jiqizhixin.com
程式碼執行漏洞促使Google Tensorflow中止支援YAML | iThome,https://www.ithome.com.tw/news/146574,https://www.ithome.com.tw
增強AI在生物醫學中的可信度，多國專家搭建AIMe平臺 | 機器之心,https://www.jiqizhixin.com/articles/2021-09-07,https://www.jiqizhixin.com
勒索軟體鎖定農業與食品製造業下手，FBI特別發出公告呼籲各界重視 | iThome,https://www.ithome.com.tw/news/146563,https://www.ithome.com.tw
強化主管機關落實個資保護監管責任及跨機關協調，行政院建立個資保護執行聯繫機制 | iThome,https://www.ithome.com.tw/news/146562,https://www.ithome.com.tw
惡意程式牟利的方式有了新手法！不只會偷取算力和資料，還會竊取網路頻寬 | iThome,https://www.ithome.com.tw/news/146560,https://www.ithome.com.tw
內建Wi-Fi 6E、攝影機自動開關，Dell新頂級商用筆電登場 | iThome,https://www.ithome.com.tw/review/146535,https://www.ithome.com.tw
美國督促各大組織修補正被大量開採的Atlassian Confluence漏洞 | iThome,https://www.ithome.com.tw/news/146555,https://www.ithome.com.tw
德國要求手機廠商提供7年安全更新 | iThome,https://www.ithome.com.tw/news/146551,https://www.ithome.com.tw
「阿波羅大腦計劃」向前一步：20萬個細胞和5億個連接大腦連接圖，迄今爲止最大 | 機器之心,https://www.jiqizhixin.com/articles/2021-09-07-2,https://www.jiqizhixin.com
特斯拉因4680電池再陷「量產地獄」？ | 機器之心,https://www.jiqizhixin.com/articles/2021-09-06-3,https://www.jiqizhixin.com
思科修補NFV基礎架構軟體重大漏洞 | iThome,https://www.ithome.com.tw/news/146549,https://www.ithome.com.tw
國產圖形GPU賽道加入“重磅玩家”，壁仞科技啓動新產品線 | 機器之心,https://www.jiqizhixin.com/articles/2021-09-06,https://www.jiqizhixin.com
計算賦能加速數字化轉型，時隔十年CNCC再次鵬城綻放 | 機器之心,https://www.jiqizhixin.com/articles/2021-09-05-12,https://www.jiqizhixin.com
北京證券交易所：中小創不只有創業板、科創板 | 機器之心,https://www.jiqizhixin.com/articles/2021-09-06-2,https://www.jiqizhixin.com
網易雲信神經網絡音頻降噪算法：提升瞬態噪聲抑制效果，適合移動端設備 | 機器之心,https://www.jiqizhixin.com/articles/2021-08-19-9,https://www.jiqizhixin.com
機翻降重？掩飾抄襲？SCI期刊上的這些「奇言怪語」，不少來自中國作者 | 機器之心,https://www.jiqizhixin.com/articles/2021-08-19-8,https://www.jiqizhixin.com
逆向工程破解蘋果監控iPhone圖片的算法：原來iOS14.3上就有了 | 機器之心,https://www.jiqizhixin.com/articles/2021-08-19-7,https://www.jiqizhixin.com
周志華、李航、邱錫鵬、李沐、Aston Zhang 5位專家指導，機器之心發佈ML術語中英對照詞表 | 機器之心,https://www.jiqizhixin.com/articles/2021-08-19-6,https://www.jiqizhixin.com
[2021 CVPR Oral] NPAS：一個爲實現超越實時移動端加速的、編譯器感知的網絡剪枝與結構搜索框架 | 機器之心,https://www.jiqizhixin.com/articles/2021-08-19-5,https://www.jiqizhixin.com
像金槍魚一樣動態調節尾巴彈性：仿生機器人新發現，「機器金槍魚」登上Science子刊 | 機器之心,https://www.jiqizhixin.com/articles/2021-08-19-4,https://www.jiqizhixin.com
如履平地！波士頓動力Atlas學會了跑酷，但幕後花絮比正片更精彩 | 機器之心,https://www.jiqizhixin.com/articles/2021-08-19-3,https://www.jiqizhixin.com
BERT、GPT-3們有了新名字：Percy Liang、李飛飛等發佈200多頁綜述，闡述大模型機遇與風險 | 機器之心,https://www.jiqizhixin.com/articles/2021-08-19-2,https://www.jiqizhixin.com
從融合創新到降低門檻，全新發佈的百度大腦7.0撐起AI時代「星辰大海」 | 機器之心,https://www.jiqizhixin.com/articles/2021-08-19,https://www.jiqizhixin.com
論文賞析：極致性價比，非易失性內存在向量檢索的應用 | 機器之心,https://www.jiqizhixin.com/articles/2021-08-17-12,https://www.jiqizhixin.com
再創佳績！思謀科技11篇論文入選ICCV 2021 | 機器之心,https://www.jiqizhixin.com/articles/2021-08-18,https://www.jiqizhixin.com
KDD 2021之百度：學術研究與技術應用相結合 | 機器之心,https://www.jiqizhixin.com/articles/2021-08-16-4,https://www.jiqizhixin.com
堪比Web SQL：開源項目讓IDB速度原地提升數十倍 | 機器之心,https://www.jiqizhixin.com/articles/2021-08-15-3,https://www.jiqizhixin.com
DeepMind用神經網絡自動構建啓發式算法，求解MIP問題 | 機器之心,https://www.jiqizhixin.com/articles/2021-08-15-2,https://www.jiqizhixin.com
拖拽公式圖片、一鍵轉換LaTex公式，這款開源公式識別神器比Mathpix Snip更適合你 | 機器之心,https://www.jiqizhixin.com/articles/2021-08-15,https://www.jiqizhixin.com
並非無所不能——評DeepMind近期神經網絡求解MIP的論文 | 機器之心,https://www.jiqizhixin.com/articles/2021-08-13-11,https://www.jiqizhixin.com
400萬獎金池，頂級集成電路專家指導，全國芯片大賽邀請你來戰 | 機器之心,https://www.jiqizhixin.com/articles/2021-08-13-10,https://www.jiqizhixin.com
仿生納流離子學在人工智能、腦機接口與人機增強等方面的廣闊應用前景 | 機器之心,https://www.jiqizhixin.com/articles/2021-08-13-9,https://www.jiqizhixin.com
​有認知記憶功能！以真實大腦爲模型的人工神經網絡，構建更好的AI | 機器之心,https://www.jiqizhixin.com/articles/2021-08-13-8,https://www.jiqizhixin.com
「假黃仁勳」刷屏之後，英偉達官方闢謠：只有14秒是虛擬的 | 機器之心,https://www.jiqizhixin.com/articles/2021-08-13-6,https://www.jiqizhixin.com
根據背景實時變色，仿變色龍軟體機器人登上Nature子刊，離隱身還遠嗎？ | 機器之心,https://www.jiqizhixin.com/articles/2021-08-13-5,https://www.jiqizhixin.com
二值化每個特徵，微軟用1350億參數稀疏神經網絡改進搜索結果 | 機器之心,https://www.jiqizhixin.com/articles/2021-08-13-4,https://www.jiqizhixin.com
線上分享 | 跟藍翔老司機搶活，百度落地全球首個無人挖掘作業系統，登Science子刊 | 機器之心,https://www.jiqizhixin.com/articles/2021-08-13-3,https://www.jiqizhixin.com
甲骨文以機器學習強化MySQL Heatwave，叫戰Amazon Aurora、Google BigQuery | iThome,https://www.ithome.com.tw/news/146176,https://www.ithome.com.tw
基於3D人臉動態的圖像-視頻生成方法 | 機器之心,https://www.jiqizhixin.com/articles/2021-08-12-8,https://www.jiqizhixin.com
AI「讀圖會意」首超人類！阿里達摩院刷新全球VQA紀錄 | 機器之心,https://www.jiqizhixin.com/articles/2021-08-12-7,https://www.jiqizhixin.com
「信息瓶頸」提出者Naftali Tishby逝世，Hinton曾感嘆：我要再聽一萬遍才能真正理解 | 機器之心,https://www.jiqizhixin.com/articles/2021-08-12-6,https://www.jiqizhixin.com
抖音「神曲」那麼多，字節跳動是如何玩轉億級曲庫的？ | 機器之心,https://www.jiqizhixin.com/articles/2021-08-12-5,https://www.jiqizhixin.com
動手畫個二次元老婆，上科大團隊這個APP剛上線就火出圈，網友：我學廢了 | 機器之心,https://www.jiqizhixin.com/articles/2021-08-12-4,https://www.jiqizhixin.com
Nautilus Biotechnology | 致力於人類內循環數萬億蛋白質的深入解析 | 機器之心,https://www.jiqizhixin.com/articles/2021-08-12-3,https://www.jiqizhixin.com
Mila唐建團隊發佈AI藥物研發平臺TorchDrug，圖靈獎得主Yoshua Bengio等大牛指導 | 機器之心,https://www.jiqizhixin.com/articles/2021-08-12-2,https://www.jiqizhixin.com
英偉達發佈的重磅軟件，或許能夠顛覆未來人類的工作 | 機器之心,https://www.jiqizhixin.com/articles/2021-08-11-10,https://www.jiqizhixin.com
A輪融資1500萬美元，這家初創公司推出100個量子比特的量子計算系統 | 機器之心,https://www.jiqizhixin.com/articles/2021-08-11-9,https://www.jiqizhixin.com
自動檢索、修復Python代碼bug，微軟推出DeepDebug | 機器之心,https://www.jiqizhixin.com/articles/2021-08-11-8,https://www.jiqizhixin.com
開啓生成式視頻壓縮：谷歌基於GAN來實現，性能與HEVC相當 | 機器之心,https://www.jiqizhixin.com/articles/2021-08-11-7,https://www.jiqizhixin.com
支持文字和語音指令，AI實時自動編程，OpenAI升級版Codex終於面世了 | 機器之心,https://www.jiqizhixin.com/articles/2021-08-11-6,https://www.jiqizhixin.com
雷軍家的「鐵蛋」亮相：一隻9999元會打滾、空翻的機器狗（未來將開源） | 機器之心,https://www.jiqizhixin.com/articles/2021-08-11-5,https://www.jiqizhixin.com
知物由學 | 輿情數據清洗“動”、“靜”分離方案 | 機器之心,https://www.jiqizhixin.com/articles/2021-01-15,https://www.jiqizhixin.com
AAAI 2021論文：Graph Diffusion Network提升交通流量預測精度（附論文下載） | 機器之心,https://www.jiqizhixin.com/articles/2021-01-20-7,https://www.jiqizhixin.com
AAAI 2021論文：利用深度元學習對城市銷量進行預測 | 機器之心,https://www.jiqizhixin.com/articles/2021-01-04-6,https://www.jiqizhixin.com
乾貨速遞，百度BML自動超參搜索技術原理揭祕與實戰攻略！ | 機器之心,https://www.jiqizhixin.com/articles/2021-01-06-3,https://www.jiqizhixin.com
萬字長文看懂「美圖雲修」AI修圖解決方案 | 機器之心,https://www.jiqizhixin.com/articles/2020-12-30-4,https://www.jiqizhixin.com
百分點認知智能實驗室：如何打造工業級的機器翻譯 | 機器之心,https://www.jiqizhixin.com/articles/2021-05-31,https://www.jiqizhixin.com
百分點大數據技術團隊：輿情平臺架構實踐與演進 | 機器之心,https://www.jiqizhixin.com/articles/2021-06-03-8,https://www.jiqizhixin.com
千字提煉：把RNN、LTSM、Seq2Seq、Attention機制聊透一點 | 機器之心,https://www.jiqizhixin.com/articles/2021-06-03-12,https://www.jiqizhixin.com
直播時各種背景是怎麼實現的？聊一聊虛擬背景背後的技術 | 機器之心,https://www.jiqizhixin.com/articles/2021-07-29-5,https://www.jiqizhixin.com
Spark 大數據處理最佳實踐 | 機器之心,https://www.jiqizhixin.com/articles/2021-08-02-7,https://www.jiqizhixin.com
融合趨勢下基於 Flink Kylin Hudi 湖倉一體的大數據生態體系 | 機器之心,https://www.jiqizhixin.com/articles/2021-08-09-2,https://www.jiqizhixin.com
物理學家教機器學習物理知識，用來預測電子設備故障 | 機器之心,https://www.jiqizhixin.com/articles/2021-08-11,https://www.jiqizhixin.com
科學家使用人工智慧迅速偵測重力波 | iThome,https://www.ithome.com.tw/news/146127,https://www.ithome.com.tw
基於人臉圖像復原和人臉轉正聯合模型的人臉識別方法 | 機器之心,https://www.jiqizhixin.com/articles/2021-08-10-6,https://www.jiqizhixin.com
NLP任務非Transformer不可？谷歌大規模研究發現預訓練卷積模型往往更優 | 機器之心,https://www.jiqizhixin.com/articles/2021-08-10-5,https://www.jiqizhixin.com
有人拿當今最強GPU A6000和3090做了性能對比，網友：都買不起 | 機器之心,https://www.jiqizhixin.com/articles/2021-08-10-4,https://www.jiqizhixin.com
浙大校友李旻辰獲SIGGRAPH 2021最佳博士論文獎，連續四年華人學者包攬此獎項 | 機器之心,https://www.jiqizhixin.com/articles/2021-08-10-3,https://www.jiqizhixin.com
NeurIPS 2021「科學中的AI：理想與現實」(AI4ScienceWorkshop) | 機器之心,https://www.jiqizhixin.com/articles/2021-08-10-2,https://www.jiqizhixin.com
公開課 | MindSpore–SPONGE 人工智能分子模擬暑期線上課程開啓 | 機器之心,https://www.jiqizhixin.com/articles/2021-08-10,https://www.jiqizhixin.com
Cloudera數據平臺Spark工作開始支援GPU運算，讓ML資料前處理提高5倍執行效率 | iThome,https://www.ithome.com.tw/news/146084,https://www.ithome.com.tw
影譜科技與海爾達成戰略合作，加速數字經濟與實體經濟融合 | 機器之心,https://www.jiqizhixin.com/articles/2021-08-08-4,https://www.jiqizhixin.com
經典教材《統計學習導論》第二版來了，新增深度學習等內容，免費下載 | 機器之心,https://www.jiqizhixin.com/articles/2021-08-08-3,https://www.jiqizhixin.com
用一張草圖創建GAN模型，新手也能玩轉，朱儁彥團隊新研究入選ICCV 2021 | 機器之心,https://www.jiqizhixin.com/articles/2021-08-08,https://www.jiqizhixin.com
華人科學家團隊再獲ACL最佳論文：以數學方法生成最優詞表 | 機器之心,https://www.jiqizhixin.com/articles/2021-08-07,https://www.jiqizhixin.com
Google應用機器學習來偵測難以發現的大腸息肉 | iThome,https://www.ithome.com.tw/news/146071,https://www.ithome.com.tw
AI賦能遊戲工業化，網易互娛AI Lab動捕去噪新方法入選SIGGRAPH 2021 | 機器之心,https://www.jiqizhixin.com/articles/2021-08-06-5,https://www.jiqizhixin.com
蘋果計畫偵測裝置用戶的訊息與iCloud上有關兒童色情的內容，遭EFF抨擊入侵民眾隱私 | iThome,https://www.ithome.com.tw/news/146064,https://www.ithome.com.tw
蘋果掃描iPhone所有照片，發現問題還要報警：全新「保護」計劃惹衆怒 | 機器之心,https://www.jiqizhixin.com/articles/2021-08-06-3,https://www.jiqizhixin.com
國內AI研究「頂不了天、落不了地」，李國傑院士文章刷屏，到底什麼是基礎研究？ | 機器之心,https://www.jiqizhixin.com/articles/2021-08-06-2,https://www.jiqizhixin.com
ACL2021 | 多粒度輸入信息不降低推理速度，騰訊看點等提出高效預訓練方法LICHEE | 機器之心,https://www.jiqizhixin.com/articles/2021-08-05-7,https://www.jiqizhixin.com
同態加密算力開銷如何彌補？港科大等提出基於FPGA實現的同態加密算法硬件加速方案 | 機器之心,https://www.jiqizhixin.com/articles/2021-08-05-5,https://www.jiqizhixin.com
ACL 2021 | 騰訊AI Lab、港中文傑出論文：用單語記憶實現高性能NMT | 機器之心,https://www.jiqizhixin.com/articles/2021-08-05-4,https://www.jiqizhixin.com
B站粉絲超130萬，最火最直觀數學網站3b1b終於有了文字版！網友：點燃對數學的愛 | 機器之心,https://www.jiqizhixin.com/articles/2021-08-05-2,https://www.jiqizhixin.com
廣東省打造「大灣區的麻省理工」，加速粵港澳製造業升級 | 機器之心,https://www.jiqizhixin.com/articles/2021-08-03-3,https://www.jiqizhixin.com
美國NSF在AI領域再投2.2億美元，教育和基礎設施將成未來AI研究重點 | 機器之心,https://www.jiqizhixin.com/articles/2021-08-03-2,https://www.jiqizhixin.com
「Tier2」地平線：先上大餐，再烹小菜 | 機器之心,https://www.jiqizhixin.com/articles/2021-08-03,https://www.jiqizhixin.com
清華大學朱軍：發展安全可靠的AI，爲什麼依舊任重道遠？ | 青年科學家50²論壇 | 機器之心,https://www.jiqizhixin.com/articles/2021-08-02-6,https://www.jiqizhixin.com
WAIC 2021隱私計算學術交流會 | 翼方健數張霖濤：隱私安全計算如何助力形成數據和計算互聯網 | 機器之心,https://www.jiqizhixin.com/articles/2021-08-02-5,https://www.jiqizhixin.com
NLP領域國際頂會ACL 2021收錄結果公佈 百度14篇論文上榜 | 機器之心,https://www.jiqizhixin.com/articles/2021-08-02,https://www.jiqizhixin.com
悲劇 or 春天？AlphaFold究竟給結構生物學家帶來了什麼？ | 機器之心,https://www.jiqizhixin.com/articles/2021-08-01-3,https://www.jiqizhixin.com
CV十年發展之觀察：1.5萬篇論文透視「業界」與「學界」，到底誰更勝一籌？ | 機器之心,https://www.jiqizhixin.com/articles/2021-08-01-2,https://www.jiqizhixin.com
下個軟件包可能泄露信用卡信息，Python包存儲庫PyPI又爆惡意代碼，下載達3萬次，你中招了嗎？ | 機器之心,https://www.jiqizhixin.com/articles/2021-08-01,https://www.jiqizhixin.com
Google Cloud加入SAP RISE軟體訂閱方案 | iThome,https://www.ithome.com.tw/news/145960,https://www.ithome.com.tw
扎克伯格：Facebook將投入至少10億美元向「元宇宙」邁進 | 機器之心,https://www.jiqizhixin.com/articles/2021-07-30-8,https://www.jiqizhixin.com
寧德時代發佈第一代鈉離子電池，與鋰電混用互補短板，高寒場景優勢明顯 | 機器之心,https://www.jiqizhixin.com/articles/2021-07-30-7,https://www.jiqizhixin.com
「AI×科研」每日要聞｜7月30日 ​ | 機器之心,https://www.jiqizhixin.com/articles/2021-07-30-6,https://www.jiqizhixin.com
生物計算專家超細緻解讀AlphaFold2 論文：模型架構及應用 | 機器之心,https://www.jiqizhixin.com/articles/2021-07-30-5,https://www.jiqizhixin.com
重磅 | 美國AI再加碼：投資2.2億美元新增11個國家AI研究中心，覆蓋7大研究領域 | 機器之心,https://www.jiqizhixin.com/articles/2021-07-30-4,https://www.jiqizhixin.com
DeepMind開源的AlphaFold怎麼用？打開Colab就能在線用 | 機器之心,https://www.jiqizhixin.com/articles/2021-07-30-3,https://www.jiqizhixin.com
Google使用AI技術精準偵測非洲建築物分佈 | iThome,https://www.ithome.com.tw/news/145932,https://www.ithome.com.tw
「新瓶裝新酒」的百度智能雲，未來將從這八個方向決勝AI時代 | 機器之心,https://www.jiqizhixin.com/articles/2021-07-30-2,https://www.jiqizhixin.com
華爲「盡全力」發佈了P50系列：原生搭載鴻蒙，5G改4G | 機器之心,https://www.jiqizhixin.com/articles/2021-07-30,https://www.jiqizhixin.com
AI一眼識別這是什麼鳥，「我們來找茬」十級選手誕生 | 機器之心,https://www.jiqizhixin.com/articles/2021-07-29-15,https://www.jiqizhixin.com
《語音識別基礎：（一）語音是什麼》 | 機器之心,https://www.jiqizhixin.com/articles/2021-07-29-12,https://www.jiqizhixin.com
英特爾攜手百度全方位深化合作，共築智能生態 | 機器之心,https://www.jiqizhixin.com/articles/2021-07-29-13,https://www.jiqizhixin.com
Nature社論：AlphaFold爲生命科學帶來了什麼？開源的技術和未來的方向 | 機器之心,https://www.jiqizhixin.com/articles/2021-07-29-10,https://www.jiqizhixin.com
在美上市的中國公司必須向投資者披露任何政府干預風險 | 機器之心,https://www.jiqizhixin.com/articles/2021-07-29-7,https://www.jiqizhixin.com
抖音的AI速度：平均每天上線超過100個新特效 | 機器之心,https://www.jiqizhixin.com/articles/2021-07-29-4,https://www.jiqizhixin.com
北大謝濤獲ASE 2021最有影響力論文獎，成爲首位華人獲獎學者 | 機器之心,https://www.jiqizhixin.com/articles/2021-07-29-3,https://www.jiqizhixin.com
ACL 2021論文分享會現場招聘，榮耀專場 | 機器之心,https://www.jiqizhixin.com/articles/2021-07-29-2,https://www.jiqizhixin.com
在CUDA的天下，OpenAI開源GPU編程語言Triton，將同時支持N卡和A卡 | 機器之心,https://www.jiqizhixin.com/articles/2021-07-29,https://www.jiqizhixin.com
揭祕Hologres如何支持超高QPS在線服務（點查）場景 | 機器之心,https://www.jiqizhixin.com/articles/2021-07-23-4,https://www.jiqizhixin.com
KDD 2021 | 小紅書推薦多樣性解決方案：SSD在質量、多樣性之間獲得較好權衡 | 機器之心,https://www.jiqizhixin.com/articles/2021-07-28-4,https://www.jiqizhixin.com
爲了讓16歲的兒子從輪椅上站起來，這位機器人工程師父親打造了一套外骨骼裝置 | 機器之心,https://www.jiqizhixin.com/articles/2021-07-28-2,https://www.jiqizhixin.com
針對資料科學團隊日常工作需求，紅帽推出AI作業環境代管服務 | iThome,https://www.ithome.com.tw/review/145872,https://www.ithome.com.tw
AI車道級預警，可視化調度：高德地圖助力上海高速路網“軟實力”升級 | 機器之心,https://www.jiqizhixin.com/articles/2021-07-27-11,https://www.jiqizhixin.com
鋼鐵之軀，人工大腦，中國機器人的十年故事 | 機器之心,https://www.jiqizhixin.com/articles/2021-07-27-10,https://www.jiqizhixin.com
百度入選ICML、IJCAI、ISIT等機器學習頂會的論文都在關注什麼？ | 機器之心,https://www.jiqizhixin.com/articles/2021-07-27-9,https://www.jiqizhixin.com
案例 | 二手車智能質檢：以雙流分組殘差網絡爲核心，結合計算機視覺構建智能車輛檢測系統,https://www.jiqizhixin.com/articles/2021-07-27-8,https://www.jiqizhixin.com
母公司X副總裁親自掛帥，谷歌新公司押注AI軟件變革工業機器人,https://www.jiqizhixin.com/articles/2021-07-27-7,https://www.jiqizhixin.com
世界上最薄的磁鐵：僅有一個原子厚度，可在室溫工作,https://www.jiqizhixin.com/articles/2021-07-27-6,https://www.jiqizhixin.com
解疑 | 專家稱碰撞測試須換冷卻液，可比亞迪仍被自家售後打臉,https://www.jiqizhixin.com/articles/2021-07-27-5,https://www.jiqizhixin.com
給一個詞就能模仿你的筆跡，Facebook這個AI強大到不敢開源代碼 | 機器之心,https://www.jiqizhixin.com/articles/2021-07-27-4,https://www.jiqizhixin.com
復旦校友、微軟傑出首席科學家周禮棟博士升任微軟亞研院長，洪小文不再兼任 | 機器之心,https://www.jiqizhixin.com/articles/2021-07-27-2,https://www.jiqizhixin.com
Intel 20A：1nm不夠用了，英特爾將製程節點提升了一個計量單位 | 機器之心,https://www.jiqizhixin.com/articles/2021-07-27,https://www.jiqizhixin.com
英特爾晶圓代工打算要在2025年趕上臺積電與三星 | iThome,https://www.ithome.com.tw/news/145885,https://www.ithome.com.tw
WAIC 2021 | 百度量子計算段潤堯：從理論到實踐談量子人工智能 | 機器之心,https://www.jiqizhixin.com/articles/2021-07-26-6,https://www.jiqizhixin.com
超越硅元素：Arm發佈塑料芯片，研究登上Nature | 機器之心,https://www.jiqizhixin.com/articles/2021-07-26-5,https://www.jiqizhixin.com
中國隊喜提六枚金牌，實現IMO團隊三連冠：王一川拿下全場唯一滿分 | 機器之心,https://www.jiqizhixin.com/articles/2021-07-26-4,https://www.jiqizhixin.com
電氣化大趨勢下，長城爲啥還在執着於內燃機？ | 機器之心,https://www.jiqizhixin.com/articles/2021-07-26-3,https://www.jiqizhixin.com
中國商業航天該如何？近千項專利爲我們指引航天商業化之路 | 機器之心,https://www.jiqizhixin.com/articles/2021-07-26,https://www.jiqizhixin.com
當代最偉大物理學家之一、諾獎得主史蒂文·溫伯格教授逝世 | 機器之心,https://www.jiqizhixin.com/articles/2021-07-25-2,https://www.jiqizhixin.com
Google研究在加護病房使用機器學習技術，綜合預測病人2天內的不良事件 | iThome,https://www.ithome.com.tw/news/145838,https://www.ithome.com.tw
AlphaFold 再登 Nature！預測確定98.5%所有人類蛋白結構 | 機器之心,https://www.jiqizhixin.com/articles/2021-07-23-7,https://www.jiqizhixin.com
AI加持的WPS來了：金山開源全球首個辦公DL框架KSAI-Lite | 機器之心,https://www.jiqizhixin.com/articles/2021-07-23-5,https://www.jiqizhixin.com
達摩院創新高性能網絡輕量化方法，以5.9%精度優勢實現1.62倍實際加速 | 機器之心,https://www.jiqizhixin.com/articles/2021-07-23-3,https://www.jiqizhixin.com
WAIC 2021 | RIOS實驗室執行主任譚章熹：RISC-V——從開源芯片製造、EDA到處理器 | 機器之心,https://www.jiqizhixin.com/articles/2021-07-23-2,https://www.jiqizhixin.com
接收率25.9%，ICCV 2021接收論文列表放出，你中了嗎？ | 機器之心,https://www.jiqizhixin.com/articles/2021-07-23,https://www.jiqizhixin.com
前瞻打造超級「怪獸」，商湯想要馴服AI長尾 | 機器之心,https://www.jiqizhixin.com/articles/2021-07-21-9,https://www.jiqizhixin.com
雲從科技IPO首發過會，「AI四小龍」第一股之爭終於有了眉目 | 機器之心,https://www.jiqizhixin.com/articles/2021-07-21-8,https://www.jiqizhixin.com
首款採用大功率「雙極性鎳氫電池」的豐田AQUA上市 | 機器之心,https://www.jiqizhixin.com/articles/2021-07-21-7,https://www.jiqizhixin.com
「AI×科研」每日要聞彙總｜7月21日 | 機器之心,https://www.jiqizhixin.com/articles/2021-07-21-5,https://www.jiqizhixin.com
人類細胞中的基因調控？人工智能來揭示！ | 機器之心,https://www.jiqizhixin.com/articles/2021-07-21-4,https://www.jiqizhixin.com
用量子重新定義AI，千億量子計算賽道先鋒——玻色量子持續完成新一輪融資 | 機器之心,https://www.jiqizhixin.com/articles/2021-07-21-2,https://www.jiqizhixin.com
八卦一下快手Bagua：突破TensorFlow、PyTorch並行瓶頸的分佈式訓練框架 | 機器之心,https://www.jiqizhixin.com/articles/2021-07-21,https://www.jiqizhixin.com
鋰離子帶給動力電池的「愛與恨」 | 機器之心,https://www.jiqizhixin.com/articles/2021-07-20-8,https://www.jiqizhixin.com
美國加大科技資金投入，試圖複製美國國防高級研究計劃局的成功 | 機器之心,https://www.jiqizhixin.com/articles/2021-07-20-7,https://www.jiqizhixin.com
37頁pdf，埃默裏大學最新「大數據時代事件預測」綜述，ACM頂級期刊上發表 | 機器之心,https://www.jiqizhixin.com/articles/2021-07-20-5,https://www.jiqizhixin.com
WAIC 2021 | 思謀科技劉樞：賦能製造業需要什麼樣的算法平臺？ | 機器之心,https://www.jiqizhixin.com/articles/2021-07-20-2,https://www.jiqizhixin.com
字節跳動多篇論文入選 CVPR 2021，精選乾貨都在這裏了 | 機器之心,https://www.jiqizhixin.com/articles/2021-06-28-8,https://www.jiqizhixin.com
圖模型句法分析第一講：隨機遊走之拒絕採樣 | 機器之心,https://www.jiqizhixin.com/articles/2021-07-08-13,https://www.jiqizhixin.com
數據隱私與推薦系統的二者兼得——聯邦推薦系統 | 機器之心,https://www.jiqizhixin.com/articles/2021-07-19-5,https://www.jiqizhixin.com
Triton推理服務器在阿里雲機器學習PAI-EAS公測啦！！！ | 機器之心,https://www.jiqizhixin.com/articles/2021-07-19-4,https://www.jiqizhixin.com
只需1臺CPU跑600多秒，GNN快速有效優化蛋白質模型 | 機器之心,https://www.jiqizhixin.com/articles/2021-07-19-10,https://www.jiqizhixin.com
Transformer也能生成圖像，新型ViTGAN性能比肩基於CNN的GAN | 機器之心,https://www.jiqizhixin.com/articles/2021-07-19-9,https://www.jiqizhixin.com
WAIC 2021 | 雲天勵飛副總裁肖嶸：創「芯」時代 打造自進化城市智能體 | 機器之心,https://www.jiqizhixin.com/articles/2021-07-19-8,https://www.jiqizhixin.com
機器人頂會RSS各獎項出爐，CMU華人博士生摘得最佳論文 | 機器之心,https://www.jiqizhixin.com/articles/2021-07-19-7,https://www.jiqizhixin.com
AI生成的代碼你敢用嗎？有人給最近走紅的Copilot做了個「風險評估」 | 機器之心,https://www.jiqizhixin.com/articles/2021-07-19-6,https://www.jiqizhixin.com
領跑機器人手眼協調賽道，星猿哲科技完成3500萬美元B輪融資 | 機器之心,https://www.jiqizhixin.com/articles/2021-07-19-2,https://www.jiqizhixin.com
WAIC 2021 | 阿里副總裁司羅：大規模語言模型如何賦能行業、創造價值 | 機器之心,https://www.jiqizhixin.com/articles/2021-07-18-3,https://www.jiqizhixin.com
圖靈獎得主Judea Pearl談機器學習：不能只靠數據 | 機器之心,https://www.jiqizhixin.com/articles/2021-07-18-2,https://www.jiqizhixin.com
對話《AI 3.0》作者：除非AI能夠進行類比，否則永遠不會真正像人類 | 機器之心,https://www.jiqizhixin.com/articles/2021-07-16-5,https://www.jiqizhixin.com
Android 12使用機器學習技術，加速螢幕自動旋轉功能 | iThome,https://www.ithome.com.tw/news/145675,https://www.ithome.com.tw
一天之內，兩大AI預測蛋白結構算法開源，分別登上Nature、Science | 機器之心,https://www.jiqizhixin.com/articles/2021-07-16-4,https://www.jiqizhixin.com
無限接近海森堡極限，控制小玻璃球量子運動研究登上Nature封面 | 機器之心,https://www.jiqizhixin.com/articles/2021-07-16-3,https://www.jiqizhixin.com
能效提升3倍，登臨科技展示國內唯一量產GPU實力 | 機器之心,https://www.jiqizhixin.com/articles/2021-07-16-2,https://www.jiqizhixin.com
11支隊伍獲勝，聚焦 AI 技術與應用：2021 WAIC 黑客鬆圓滿落幕 | 機器之心,https://www.jiqizhixin.com/articles/2021-07-16,https://www.jiqizhixin.com
科大訊飛AI學習機新品重磅發佈，開啓AI學習新時代 | 機器之心,https://www.jiqizhixin.com/articles/2021-07-15-22,https://www.jiqizhixin.com
騰訊優圖榮獲CVPR2021 Image Matching Workshop雙賽道冠亞軍 | 機器之心,https://www.jiqizhixin.com/articles/2021-07-15-9,https://www.jiqizhixin.com
雙核+GPU加持，華米科技黃山2S來了：智能可穿戴芯片進入全新時代 | 機器之心,https://www.jiqizhixin.com/articles/2021-07-15-7,https://www.jiqizhixin.com
國家災研院與千尋位置達成戰略合作：防災減災北斗來幫忙 | 機器之心,https://www.jiqizhixin.com/articles/2021-07-15-4,https://www.jiqizhixin.com
arXiv 論文的 idea 被人抄襲，又發表在了頂級 CV 期刊上，這時該怎麼辦？ | 機器之心,https://www.jiqizhixin.com/articles/2021-07-15-3,https://www.jiqizhixin.com
訓練Rainbow算法需要1425個GPU Day？谷歌說強化學習可以降低計算成本 | 機器之心,https://www.jiqizhixin.com/articles/2021-07-15-2,https://www.jiqizhixin.com
99行代碼實現冰雪奇緣特效的「太極」再進化，胡淵鳴團隊、快手等聯合打造 | 機器之心,https://www.jiqizhixin.com/articles/2021-07-15,https://www.jiqizhixin.com
Google推出Android ML平臺，可減少機器學習App大小 | iThome,https://www.ithome.com.tw/news/145635,https://www.ithome.com.tw
WAIC 2021 | 中國惠普周信宏：AI基礎設施——邊緣計算演進及趨勢 | 機器之心,https://www.jiqizhixin.com/articles/2021-07-14-6,https://www.jiqizhixin.com
是什麼導致美國製造業生產率持續下滑？ | 機器之心,https://www.jiqizhixin.com/articles/2021-07-14-4,https://www.jiqizhixin.com
蔚來NIO Power三週年，只給自己打了29分（百分制） | 機器之心,https://www.jiqizhixin.com/articles/2021-07-14-2,https://www.jiqizhixin.com
圖神經網絡的驚人應用 | 機器之心,https://www.jiqizhixin.com/articles/2021-07-14,https://www.jiqizhixin.com
兼具CNN和Transformer優勢，靈活使用歸納偏置，Facebook提出ConViT | 機器之心,https://www.jiqizhixin.com/articles/2021-07-13-12,https://www.jiqizhixin.com
輕量型模型比肩千億大模型，周明團隊提出中文語言模型孟子，刷新CLUE紀錄 | 機器之心,https://www.jiqizhixin.com/articles/2021-07-13-11,https://www.jiqizhixin.com
WAIC 2021 | 好未來集團技術副總裁吳中勤：多模態機器學習及大規模自動生成技術算法框架與行業實踐 | 機器之心,https://www.jiqizhixin.com/articles/2021-07-13-10,https://www.jiqizhixin.com
並行生成奇點臨近！字節跳動GLAT斬獲WMT2021大語種德英自動評估第一 | 機器之心,https://www.jiqizhixin.com/articles/2021-07-13-9,https://www.jiqizhixin.com
ACL 2021論文分享會重磅嘉賓揭曉：李航、劉羣Keynote分享，大會主席宗成慶致辭 | 機器之心,https://www.jiqizhixin.com/articles/2021-07-13-8,https://www.jiqizhixin.com
AI 改進半導體分層技術，賦能計算機芯片、電池製造 | 機器之心,https://www.jiqizhixin.com/articles/2021-07-13-7,https://www.jiqizhixin.com
WAIC | Annotator 5.0標註平臺盛大發佈暨AI數據生態聯盟成立 | 機器之心,https://www.jiqizhixin.com/articles/2021-07-13-5,https://www.jiqizhixin.com
超越德國，中國成爲2020全球最大機械制造出口國 | 機器之心,https://www.jiqizhixin.com/articles/2021-07-13-6,https://www.jiqizhixin.com
Faster& Cooler：GPU+創新架構成就卓越能效 | 機器之心,https://www.jiqizhixin.com/articles/2021-07-13-3,https://www.jiqizhixin.com
WAIC2021：優必選AMR智能物流機器人解決方案首次國內亮相 | 機器之心,https://www.jiqizhixin.com/articles/2021-07-13,https://www.jiqizhixin.com
阿里雲視頻雲全景創新峯會落幕：多維探索，開啓想象 | 機器之心,https://www.jiqizhixin.com/articles/2021-07-12-6,https://www.jiqizhixin.com
Hologres揭祕：高性能原生加速MaxCompute核心原理 | 機器之心,https://www.jiqizhixin.com/articles/2021-07-12-4,https://www.jiqizhixin.com
紐約市生物辨識隱私法生效了 | iThome,https://www.ithome.com.tw/news/145591,https://www.ithome.com.tw
以人工智能爲火種，點燃下一代工業革命！2021年WAIC雲帆獎獲得者名單公佈 | 機器之心,https://www.jiqizhixin.com/articles/2021-07-14-3,https://www.jiqizhixin.com
精準識別！精確定位！AI助力幹細胞培養 | 機器之心,https://www.jiqizhixin.com/articles/2021-07-12-3,https://www.jiqizhixin.com
WAIC2021「A班」朋友圈擴容：那些在中國的廣闊天地上大有作爲的青年 | 機器之心,https://www.jiqizhixin.com/articles/2021-07-12-2,https://www.jiqizhixin.com
影譜科技受邀亮相2021WAIC，智能數字化新品開闢消費體驗新藍海 | 機器之心,https://www.jiqizhixin.com/articles/2021-07-12,https://www.jiqizhixin.com
數行代碼訓練視頻模型，PyTorch視頻理解利器出爐 | 機器之心,https://www.jiqizhixin.com/articles/2021-07-11-4,https://www.jiqizhixin.com
逃犯爭相購買的安全手機，其實是FBI出售的：自帶後門，現已逮捕800餘人 | 機器之心,https://www.jiqizhixin.com/articles/2021-07-11-2,https://www.jiqizhixin.com
跨石灘、過草地、負重12kg，UC伯克利等研發新型機器人運動算法，實時快速適應變化環境 | 機器之心,https://www.jiqizhixin.com/articles/2021-07-11,https://www.jiqizhixin.com
用AI搜尋「宇宙燈塔」，這家公司爲何執着於星辰大海？,https://www.jiqizhixin.com/articles/2021-07-10-2,https://www.jiqizhixin.com
手機上用AI實時、流暢解碼視頻，超精細畫質提升：高通研發出首個神經視頻解碼器 | 機器之心,https://www.jiqizhixin.com/articles/2021-07-09-4,https://www.jiqizhixin.com
節省顯存新思路，在 PyTorch 裏使用 2 bit 激活壓縮訓練神經網絡 | 機器之心,https://www.jiqizhixin.com/articles/2021-07-09-2,https://www.jiqizhixin.com
自動化所研發全球首個圖文音三模態預訓練模型，讓AI更接近人類想象力 | 機器之心,https://www.jiqizhixin.com/articles/2021-07-09-3,https://www.jiqizhixin.com
斑馬智行發佈天瀑AI平臺，核心技術首款落地榮威鯨 | 機器之心,https://www.jiqizhixin.com/articles/2021-07-10,https://www.jiqizhixin.com
「AI×科研」每日要聞彙總｜7月9日 | 機器之心,https://www.jiqizhixin.com/articles/2021-07-09-10,https://www.jiqizhixin.com
這個枯燥、費時的植物表型分類問題，AI幫植物學家幹了 | 機器之心,https://www.jiqizhixin.com/articles/2021-07-09-9,https://www.jiqizhixin.com
2500萬升級用戶、69款支持機型，鴻蒙生態建設前路幾何？ | 機器之心,https://www.jiqizhixin.com/articles/2021-07-09-8,https://www.jiqizhixin.com
長城：合作固然重要，可要活下去還得靠自研能力 | 機器之心,https://www.jiqizhixin.com/articles/2021-07-09-7,https://www.jiqizhixin.com
Netflix如何打造AI工廠 | iThome,https://www.ithome.com.tw/news/145423,https://www.ithome.com.tw
IBM開源機器學習應用程式框架CodeFlare，大幅簡化混合雲AI部署工作 | iThome,https://www.ithome.com.tw/news/145529,https://www.ithome.com.tw
首屆世界先進製造業大會將於8月23日-26日在濟南舉辦 | 機器之心,https://www.jiqizhixin.com/articles/2021-07-08-17,https://www.jiqizhixin.com
標貝科技精彩亮相WAIC2021世界人工智能大會 | 機器之心,https://www.jiqizhixin.com/articles/2021-07-08-16,https://www.jiqizhixin.com
容聯雲亮相世界人工智能大會 發佈容犀機器人助力產業數字化轉型 | 機器之心,https://www.jiqizhixin.com/articles/2021-07-08-14,https://www.jiqizhixin.com
華爲達成汽車業最大專利許可協議/ 市監局處罰7起滴滴相關違法合營案件/ 理想「水銀門」事件發酵 | 機器之心,https://www.jiqizhixin.com/articles/2021-07-08-9,https://www.jiqizhixin.com
CVPR 2021 | 視覺目標檢測大模型GAIA：面向行業的視覺物體檢測一站式解決方案 | 機器之心,https://www.jiqizhixin.com/articles/2021-07-08-8,https://www.jiqizhixin.com
沒有車企願意只作華爲的「肉體」 | 機器之心,https://www.jiqizhixin.com/articles/2021-07-08-7,https://www.jiqizhixin.com
AI都會寫靈魂Rap了？Transformer跨界說唱，節奏、流暢度都不在話下 | 機器之心,https://www.jiqizhixin.com/articles/2021-07-08-6,https://www.jiqizhixin.com
IJCAI-21三大獎項公佈，強化學習之父、CMU助理教授方飛、德撲AI之父獲獎 | 機器之心,https://www.jiqizhixin.com/articles/2021-07-08-5,https://www.jiqizhixin.com
AI預測百萬化合物的生物活性信息，這裏有個高效開源工具 | 機器之心,https://www.jiqizhixin.com/articles/2021-07-08-3,https://www.jiqizhixin.com
千尋位置亮相世界人工智能大會，時空智能成爲城市數字化轉型必備要素 | 機器之心,https://www.jiqizhixin.com/articles/2021-07-08,https://www.jiqizhixin.com
Nvidia斥資1億美元打造英國最快的AI超級電腦 | iThome,https://www.ithome.com.tw/news/145500,https://www.ithome.com.tw
比利時藝術家在Twitter上線AI，督促政客開會時不要玩手機 | 機器之心,https://www.jiqizhixin.com/articles/2021-07-07-13,https://www.jiqizhixin.com
中資企業收購英國最大半導體製造商 | 機器之心,https://www.jiqizhixin.com/articles/2021-07-07-12,https://www.jiqizhixin.com
「AI×科研」每日要聞彙總｜7月7日 | 機器之心,https://www.jiqizhixin.com/articles/2021-07-07-9,https://www.jiqizhixin.com
X光片能顯示分子構成？杜克大學研發混合X射線掃描儀加速癌症診斷 | 機器之心,https://www.jiqizhixin.com/articles/2021-07-07-8,https://www.jiqizhixin.com
全新榮威RX5 PLUS借《最強大腦》上市，指導價10.38-13.98萬元 | 機器之心,https://www.jiqizhixin.com/articles/2021-07-07-7,https://www.jiqizhixin.com
Swin Transformer爲主幹，清華等提出MoBY自監督學習方法，代碼已開源 | 機器之心,https://www.jiqizhixin.com/articles/2021-07-07-6,https://www.jiqizhixin.com
0語料下，如何通過「貼標籤」獲得更好的多語言翻譯效果 | 機器之心,https://www.jiqizhixin.com/articles/2021-07-07-5,https://www.jiqizhixin.com
誰是「反向傳播之父」？Hinton曾親口否認，真正的提出者或許是這個剛獲 IEEE 認證的大佬 | 機器之心,https://www.jiqizhixin.com/articles/2021-07-07-4,https://www.jiqizhixin.com
Yann LeCun：我是卷積神經網絡之父，但也被它的專利卡過脖子 | 機器之心,https://www.jiqizhixin.com/articles/2021-07-07-3,https://www.jiqizhixin.com
百場演講的萬人峯會，AI開發者最應該看什麼？（千元禮包現場抽） | 機器之心,https://www.jiqizhixin.com/articles/2021-07-07-2,https://www.jiqizhixin.com
KDD CUP 2021首屆圖神經網絡大賽放榜，百度飛槳PGL獲得2金1銀 | 機器之心,https://www.jiqizhixin.com/articles/2021-07-07,https://www.jiqizhixin.com
滴滴下架，「貨運版滴滴」、BOSS直聘遭安全審查，均系美股上市行業龍頭 | 機器之心,https://www.jiqizhixin.com/articles/2021-07-06-9,https://www.jiqizhixin.com
生物信息分析技術評測：病毒連續序列識別工具的仿真研究與比較評價 | 機器之心,https://www.jiqizhixin.com/articles/2021-07-06-6,https://www.jiqizhixin.com
SIGIR 2021 | 快手聯合清華提出基於圖神經網絡的序列推薦新方法 | 機器之心,https://www.jiqizhixin.com/articles/2021-07-06-5,https://www.jiqizhixin.com
動物與人類的關鍵學習期，深度神經網絡也有 | 機器之心,https://www.jiqizhixin.com/articles/2021-07-06-4,https://www.jiqizhixin.com
曾被ICLR拒稿，字節跳動今斬獲最佳論文，ACL 2021各大獎項揭曉 | 機器之心,https://www.jiqizhixin.com/articles/2021-07-06-3,https://www.jiqizhixin.com
多家機構聯合成立聯邦學習互聯互通工作組，助力行業邁向開放通用3.0階段 | 機器之心,https://www.jiqizhixin.com/articles/2021-07-06-2,https://www.jiqizhixin.com
刷新50多個NLP任務基準，並登頂SuperGLUE全球榜首，百度ERNIE 3.0知識增強大模型顯威力 | 機器之心,https://www.jiqizhixin.com/articles/2021-07-06,https://www.jiqizhixin.com
“期中考”成績出爐！上汽乘用車上半年累計銷量超41萬，同比勁增62%，海外再奪冠 | 機器之心,https://www.jiqizhixin.com/articles/2021-07-05-5,https://www.jiqizhixin.com
諾獎再遭質疑，科研人要「瘋」了：每年一萬多篇文章的 XPS 數據可能都是錯的嗎？ | 機器之心,https://www.jiqizhixin.com/articles/2021-07-05-4,https://www.jiqizhixin.com
再次刷新單模型紀錄！快手登頂多模態理解權威榜單VCR | 機器之心,https://www.jiqizhixin.com/articles/2021-07-05-2,https://www.jiqizhixin.com
《Pattern Recognition Letters》特刊通知 | 機器之心,https://www.jiqizhixin.com/articles/2021-07-05,https://www.jiqizhixin.com
收錄180篇文獻，上海交大推出深度學習圖像合成領域首篇綜述 | 機器之心,https://www.jiqizhixin.com/articles/2021-07-04-3,https://www.jiqizhixin.com
一天狂攬2000+星，微軟面向初學者ML課程來了，完全免費 | 機器之心,https://www.jiqizhixin.com/articles/2021-07-04-2,https://www.jiqizhixin.com
我抄我自己的論文，能算侵權嗎？有學者做了一份論文複用指南 | 機器之心,https://www.jiqizhixin.com/articles/2021-07-04,https://www.jiqizhixin.com
招募｜助力人工智能行業發展，惠普發起人工智能合作伙伴招募 | 機器之心,https://www.jiqizhixin.com/articles/2021-07-02-13,https://www.jiqizhixin.com
慶祝建黨百年裏的AI力量: 愛奇藝、影譜科技、B站up主等助力紅色傳播 | 機器之心,https://www.jiqizhixin.com/articles/2021-07-02-10,https://www.jiqizhixin.com
國內大神成功給手機裝上了Win11，支持一加、小米 | 機器之心,https://www.jiqizhixin.com/articles/2021-07-02-7,https://www.jiqizhixin.com
50年後，MIT等首次證實霍金面積定理，黑洞總視界面積達36.7萬km² | 機器之心,https://www.jiqizhixin.com/articles/2021-07-02-6,https://www.jiqizhixin.com
Hinton、Bengio、LeCun三巨頭聯手長文：深度學習從興起到未來 | 機器之心,https://www.jiqizhixin.com/articles/2021-07-02-4,https://www.jiqizhixin.com
百度全新無人挖掘機作業系統登上國際權威期刊《Science Robotics》 | 機器之心,https://www.jiqizhixin.com/articles/2021-07-02-2,https://www.jiqizhixin.com
看得見的聲音！亮亮視野助力聽障人士與世界“對話” | 機器之心,https://www.jiqizhixin.com/articles/2021-07-02,https://www.jiqizhixin.com
臉書與Matterport共同發布可用於訓練家庭機器人的3D空間資料集 | iThome,https://www.ithome.com.tw/news/145382,https://www.ithome.com.tw
【會前探營】零距離感受蓬勃發展的AI產業！新聞媒體赴上海鯤鵬生態創新中心和壁仞科技開展集體採訪 | 機器之心,https://www.jiqizhixin.com/articles/2021-07-01-20,https://www.jiqizhixin.com
【大會公告】倒計時10天，2021世界人工智能大會公衆報名註冊指南 | 機器之心,https://www.jiqizhixin.com/articles/2021-07-01-18,https://www.jiqizhixin.com
聚焦AI開發者、智慧出行、隱私計算，機器之心多場盛會亮相2021世界人工智能大會  | 機器之心,https://www.jiqizhixin.com/articles/2021-07-01-14,https://www.jiqizhixin.com
在災難面前，機器人能不能拉你一把？ | 機器之心,https://www.jiqizhixin.com/articles/2021-07-01-13,https://www.jiqizhixin.com
打造智能化交流及合作平臺 長城汽車智能化技術論壇成功舉辦,https://www.jiqizhixin.com/articles/2021-07-01-11,https://www.jiqizhixin.com
同濟教授朱西產：ADAS已毫無價值，L2+宣傳過於誇大,https://www.jiqizhixin.com/articles/2021-07-01-10,https://www.jiqizhixin.com
招募 | 這一次，我們要把智能駕駛聊通聊透,https://www.jiqizhixin.com/articles/2021-07-01-9,https://www.jiqizhixin.com
「AI×科研」每日要聞彙總｜7月1日,https://www.jiqizhixin.com/articles/2021-07-01-8,https://www.jiqizhixin.com
NISQ時代，我們依然可以有可靠的量子計算,https://www.jiqizhixin.com/articles/2021-07-01-7,https://www.jiqizhixin.com
機器學習算力基準MLPerf新一期榜單發佈：Graphcore效率領先 | 機器之心,https://www.jiqizhixin.com/articles/2021-07-01-6,https://www.jiqizhixin.com
蘋果M1更適合強化學習？相比V100性能提升200%，價格低90%，功耗減88% | 機器之心,https://www.jiqizhixin.com/articles/2021-07-01-5,https://www.jiqizhixin.com
56比特！潘建偉團隊「祖沖之號」展示量子計算優越性，超越谷歌 | 機器之心,https://www.jiqizhixin.com/articles/2021-07-01-4,https://www.jiqizhixin.com
聚焦AI開發者、智慧出行、隱私計算，機器之心多場盛會亮相2021世界人工智能大會 | 機器之心,https://www.jiqizhixin.com/articles/2021-07-01-2,https://www.jiqizhixin.com
機器之心CVPR線下論文分享會乾貨集錦，同時邀你報名ACL 2021論文分享會 | 機器之心,https://www.jiqizhixin.com/articles/2021-07-01,https://www.jiqizhixin.com
最新調查：等這一波COBOL程序員退休，很多關鍵崗位就後繼無人了 | 機器之心,https://www.jiqizhixin.com/articles/2021-07-01-3,https://www.jiqizhixin.com
1億個行爲數據，知乎、清華大學開放國內最大個性化推薦實際交互數據集ZhihuRec | 機器之心,https://www.jiqizhixin.com/articles/2021-06-30-12,https://www.jiqizhixin.com
「AI×科研」每日要聞彙總｜6月30日 | 機器之心,https://www.jiqizhixin.com/articles/2021-06-30-10,https://www.jiqizhixin.com
數十億行代碼訓練，GitHub原生AI代碼生成工具上線，網友：要終結編程？ | 機器之心,https://www.jiqizhixin.com/articles/2021-06-30-9,https://www.jiqizhixin.com
長城科技節 | 魏建軍的「危機感」，以及華爲和高德的「減法思考」 | 機器之心,https://www.jiqizhixin.com/articles/2021-06-30-7,https://www.jiqizhixin.com
獨家 | 前福特電動車COO朱江已加入集度汽車 | 機器之心,https://www.jiqizhixin.com/articles/2021-06-30-6,https://www.jiqizhixin.com
隱藏於藥物研發過程中的合成生物學 | 機器之心,https://www.jiqizhixin.com/articles/2021-06-30-5,https://www.jiqizhixin.com
Pepper 停產，自推出僅生產2.7萬臺，軟銀機器人戰略生變 | 機器之心,https://www.jiqizhixin.com/articles/2021-06-30-3,https://www.jiqizhixin.com
騰訊博通內容理解團隊3篇論文入選NLP頂會ACL | 機器之心,https://www.jiqizhixin.com/articles/2021-06-30-2,https://www.jiqizhixin.com
戴爾推開源軟體Omnia，自動化AI和HPC工作負載部署 | iThome,https://www.ithome.com.tw/news/145333,https://www.ithome.com.tw
長城科技節開場要點：魏建軍的「唯一機會」、華爲與高德的「減法思考」，以及李克強提出的「發展束縛」  | 機器之心,https://www.jiqizhixin.com/articles/2021-06-29-11,https://www.jiqizhixin.com
508人決戰，北大佔絕對優勢：我們圍觀了一下2021阿里全球數學競賽決賽真題 | 機器之心,https://www.jiqizhixin.com/articles/2021-06-29-9,https://www.jiqizhixin.com
CVPR新規嚴禁審稿期間公開宣傳論文，可發arXiv，LeCun：瘋了吧！ | 機器之心,https://www.jiqizhixin.com/articles/2021-06-29-8,https://www.jiqizhixin.com
大模型、RISC-V、邊緣計算，這場大咖雲集的開發者盛會全日程公佈（別忘了抽顯卡） | 機器之心,https://www.jiqizhixin.com/articles/2021-06-29-7,https://www.jiqizhixin.com
創新成果再獲認可，優必選科技獲中國專利獎 | 機器之心,https://www.jiqizhixin.com/articles/2021-06-29-6,https://www.jiqizhixin.com
什麼電池才能配得上電動飛行汽車？ | 機器之心,https://www.jiqizhixin.com/articles/2021-06-29-5,https://www.jiqizhixin.com
「AI×科研」每日要聞彙總｜6月29日 | 機器之心,https://www.jiqizhixin.com/articles/2021-06-29-4,https://www.jiqizhixin.com
機器學習改進基因組發現，谷歌健康在GitHub發佈模型訓練代碼及詳細文檔 | 機器之心,https://www.jiqizhixin.com/articles/2021-06-29-3,https://www.jiqizhixin.com
阿里斬獲16項CVPR冠軍，三項研究幫助盲人“看見”世界 | 機器之心,https://www.jiqizhixin.com/articles/2021-06-28-7,https://www.jiqizhixin.com
千尋位置馮紹軍：時空網爲智慧出行注入新動能 | 機器之心,https://www.jiqizhixin.com/articles/2021-06-28-4,https://www.jiqizhixin.com
超清音質實時會議系統的背後 ，深入剖析 AliCloudDenoise 語音增強算法 | 機器之心,https://www.jiqizhixin.com/articles/2021-06-24-8,https://www.jiqizhixin.com
「AI×科研」每日要聞彙總｜6月25日 ​ | 機器之心,https://www.jiqizhixin.com/articles/2021-06-28-3,https://www.jiqizhixin.com
百度人機交互榮獲“中國專利金獎” | 機器之心,https://www.jiqizhixin.com/articles/2021-06-28-2,https://www.jiqizhixin.com
AI助力高性能鋼設計：斷裂強度、斷裂壽命得到準確預測 | 機器之心,https://www.jiqizhixin.com/articles/2021-06-28,https://www.jiqizhixin.com
首屆「腦科學開放日」舉行，張鈸等專家論道：下一代AI創新要結合腦科學研究 | 機器之心,https://www.jiqizhixin.com/articles/2021-06-27-2,https://www.jiqizhixin.com
有人從英偉達借了臺DGX A100，讓神經網絡自己造了個GTA5自己玩 | 機器之心,https://www.jiqizhixin.com/articles/2021-06-27,https://www.jiqizhixin.com
造車新勢力第一中概股迴歸，小鵬汽車港股最高發行價爲180港元/股 | 機器之心,https://www.jiqizhixin.com/articles/2021-06-25-12,https://www.jiqizhixin.com
滴滴更新招股書：IPO定價區間爲每股13-14美元 | 機器之心,https://www.jiqizhixin.com/articles/2021-06-25-11,https://www.jiqizhixin.com
連奪十冠！百度CVPR 2021再突破，AI實力接受國際“檢驗” | 機器之心,https://www.jiqizhixin.com/articles/2021-06-25-10,https://www.jiqizhixin.com
參加這場大佬雲集的開發者大會，還能抽RTX3060，請叫我「良心之心」 | 機器之心,https://www.jiqizhixin.com/articles/2021-06-25-9,https://www.jiqizhixin.com
英偉達企業型AI服務升級：AI LaunchPad計劃開放軟硬件即時訪問，Fleet Command平臺助力邊緣AI管理 | 機器之心,https://www.jiqizhixin.com/articles/2021-06-25-8,https://www.jiqizhixin.com
打開電腦刷抖音：Win 11原生支持安卓，商店零佣金，秋季免費開始升級 | 機器之心,https://www.jiqizhixin.com/articles/2021-06-25-4,https://www.jiqizhixin.com
CVPR2021 | 視覺推理解釋框架VRX：用結構化視覺概念作爲解釋網絡推理邏輯的「語言」 | 機器之心,https://www.jiqizhixin.com/articles/2021-06-25-2,https://www.jiqizhixin.com
年輕的LeCun、吳恩達長啥樣？升級版StyleGAN告訴你 | 機器之心,https://www.jiqizhixin.com/articles/2021-06-25-7,https://www.jiqizhixin.com
顯存不夠，框架來湊：兩行代碼顯存翻倍，2080Ti也能當V100來用  | 機器之心,https://www.jiqizhixin.com/articles/2021-06-25-6,https://www.jiqizhixin.com
快手宣佈全鏈路支持HDR視頻，賦能HDR視頻創作與消費 | 機器之心,https://www.jiqizhixin.com/articles/2021-06-25-5,https://www.jiqizhixin.com
僅用480塊GPU跑出萬億參數！阿里達摩院發佈全球首個“低碳版”巨模型M6 | 機器之心,https://www.jiqizhixin.com/articles/2021-06-25-3,https://www.jiqizhixin.com
目睹太多讀博慘案之後，清華姚班助理教授寫了個讀博決策樹 | 機器之心,https://www.jiqizhixin.com/articles/2021-06-24-11,https://www.jiqizhixin.com
千億參數大模型時代，QQ瀏覽器團隊十億級小模型「摩天」登頂CLUE，極致壓榨網絡性能 | 機器之心,https://www.jiqizhixin.com/articles/2021-06-24-10,https://www.jiqizhixin.com
對標亞馬遜，谷歌推出垂直製造業的AI視覺檢測工具 | 機器之心,https://www.jiqizhixin.com/articles/2021-06-24-5,https://www.jiqizhixin.com
雲成本，一個萬億美元的悖論 | 機器之心,https://www.jiqizhixin.com/articles/2021-06-24-4,https://www.jiqizhixin.com
一款兒童EV收穫5萬訂單！哪吒V Co-kids魔童版背後是何來由？ | 機器之心,https://www.jiqizhixin.com/articles/2021-06-24-2,https://www.jiqizhixin.com
向Linux看齊，立志存活三十年：包雲崗團隊開源高性能RISC-V處理器「香山」 | 機器之心,https://www.jiqizhixin.com/articles/2021-06-23-12,https://www.jiqizhixin.com
CVPR一次中66篇，大裝置一天訓練完GPT-3，商湯準備迎戰未來 | 機器之心,https://www.jiqizhixin.com/articles/2021-06-23-11,https://www.jiqizhixin.com
大咖齊聚、思想碰撞、探索前沿，2021WAIC· 隱私計算學術交流會全日程公佈 | 機器之心,https://www.jiqizhixin.com/articles/2021-06-23-10,https://www.jiqizhixin.com
Google推出可自動化品質控制流程的視覺檢測解決方案Visual Inspection AI | iThome,https://www.ithome.com.tw/news/145189,https://www.ithome.com.tw
讓機器學習設計手機GUI，這合理麼？ | 機器之心,https://www.jiqizhixin.com/articles/2021-06-23-9,https://www.jiqizhixin.com
科創板將迎開市兩週年，A股“掃地茅”石頭科技乘風而上 | 機器之心,https://www.jiqizhixin.com/articles/2021-06-23-7,https://www.jiqizhixin.com
V2X馬上就要來了，但有些問題還沒有解決 | 機器之心,https://www.jiqizhixin.com/articles/2021-06-23-3,https://www.jiqizhixin.com
RNN 用於生物醫學全息成像，速度加快50倍 | 機器之心,https://www.jiqizhixin.com/articles/2021-06-23-2,https://www.jiqizhixin.com
首屆「腦科學開放日」在京舉行，張鈸院士爲什麼看好這家腦機技術公司？ | 機器之心,https://www.jiqizhixin.com/articles/2021-06-22-10,https://www.jiqizhixin.com
騰訊與清華大學物理系簽署合作備忘錄，探索材料計算新領域 | 機器之心,https://www.jiqizhixin.com/articles/2021-06-22-9,https://www.jiqizhixin.com
WebRTC 傳輸安全機制第二話：深入顯出 SRTP 協議 | 機器之心,https://www.jiqizhixin.com/articles/2021-06-16-3,https://www.jiqizhixin.com
CVPR 2021獎項出爐：最佳論文花落馬普所，何愷明獲提名，首屆黃煦濤紀念獎頒佈 | 機器之心,https://www.jiqizhixin.com/articles/2021-06-22-8,https://www.jiqizhixin.com
嬴徹科技CTO楊睿剛博士與你分享CVPR 2021入選論文 | 機器之心,https://www.jiqizhixin.com/articles/2021-06-22-6,https://www.jiqizhixin.com
英偉達與AI芯片的未來之戰 | 機器之心,https://www.jiqizhixin.com/articles/2021-06-22-3,https://www.jiqizhixin.com
DNA邏輯電路可能是醫學的未來，這個程序降低了DNA邏輯電路的設計門檻 | 機器之心,https://www.jiqizhixin.com/articles/2021-06-22-2,https://www.jiqizhixin.com
橫掃六大權威榜單後，達摩院把自家深度語言模型體系AliceMind開源了 | 機器之心,https://www.jiqizhixin.com/articles/2021-06-22,https://www.jiqizhixin.com
江蘇建成首條「無人駕駛」高速公路，全長33公里 | 機器之心,https://www.jiqizhixin.com/articles/2021-06-21-6,https://www.jiqizhixin.com
清華大學計圖團隊首創三角網格面片上的卷積神經網絡，首次取得100%正確率 | 機器之心,https://www.jiqizhixin.com/articles/2021-06-20-4,https://www.jiqizhixin.com
AI專用領域之一：聲音、相機陷阱用於野生動物研究和保護 | 機器之心,https://www.jiqizhixin.com/articles/2021-06-20-3,https://www.jiqizhixin.com
Hugging Face官方課程來了！Transformers庫維護者之一授課，完全免費 | 機器之心,https://www.jiqizhixin.com/articles/2021-06-20-2,https://www.jiqizhixin.com
人人皆可二次元！小姐姐生成不同風格動漫形象，膚色、髮型皆可變 | 機器之心,https://www.jiqizhixin.com/articles/2021-06-20,https://www.jiqizhixin.com
香港城市大學、港理工招收博士生，有獎學金機會 | 機器之心,https://www.jiqizhixin.com/articles/2021-06-19-4,https://www.jiqizhixin.com
召集令｜熱浪來襲，世界人工智能大會黑客鬆邀你來戰！ | 機器之心,https://www.jiqizhixin.com/articles/2021-06-19-3,https://www.jiqizhixin.com
快手開源鬥地主AI，入選ICML，能否幹得過「冠軍」柯潔？ | 機器之心,https://www.jiqizhixin.com/articles/2021-06-18-5,https://www.jiqizhixin.com
哥德爾90年前的「不完備性定理」，奠定了計算機與AI的理論基礎 | 機器之心,https://www.jiqizhixin.com/articles/2021-06-18-4,https://www.jiqizhixin.com
純Rust編寫的機器學習框架Neuronika，速度堪比PyTorch | 機器之心,https://www.jiqizhixin.com/articles/2021-06-18-2,https://www.jiqizhixin.com
第五屆未來網絡發展大會開幕，百度CTO王海峯闡述AI發展新特點 | 機器之心,https://www.jiqizhixin.com/articles/2021-06-18,https://www.jiqizhixin.com
農機巨頭約翰·迪爾CTO專訪：把拖拉機變成計算機，打造農田iOS | 機器之心,https://www.jiqizhixin.com/articles/2021-06-17-9,https://www.jiqizhixin.com
清華來了第二位菲爾茲獎得主，是丘成桐力薦的老朋友Caucher Birkar | 機器之心,https://www.jiqizhixin.com/articles/2021-06-17-7,https://www.jiqizhixin.com
每個字節跳動的背後，都有一臺火山引擎 | 機器之心,https://www.jiqizhixin.com/articles/2021-06-17-5,https://www.jiqizhixin.com
PyTorch 1.9發佈，支持新API，可在邊緣設備中執行 | 機器之心,https://www.jiqizhixin.com/articles/2021-06-17-4,https://www.jiqizhixin.com
Keras正式從TensorFlow分離：結束API混亂與耗時編譯 | 機器之心,https://www.jiqizhixin.com/articles/2021-06-17-3,https://www.jiqizhixin.com
跳舞手腳不協調？沒關係，微視用AI打造你我的舞林大會，一張照片就可以 | 機器之心,https://www.jiqizhixin.com/articles/2021-06-17-2,https://www.jiqizhixin.com
加入「數字中國」，融入清華X華爲數字生態！火熱報名中！ | 機器之心,https://www.jiqizhixin.com/articles/2021-06-16-9,https://www.jiqizhixin.com
高通量3D生物打印機速度創紀錄，加快新藥開發 | 機器之心,https://www.jiqizhixin.com/articles/2021-06-16-7,https://www.jiqizhixin.com
陳怡然、劉學等多位華人學者當選，ACM SIG新任主席名單出爐 | 機器之心,https://www.jiqizhixin.com/articles/2021-06-16-6,https://www.jiqizhixin.com
《SLAM DUNK》AI 真人化 16個角色，最靚彩子最型三井 | Qooah,https://qooah.com/2021/08/27/slam-dunk-ai-live-action-16-characters/,https://qooah.com
日本戀愛遊戲，疑用真人扮 AI，對話少女隨時是麻甩佬 | Qooah,https://qooah.com/2021/06/27/japanese-love-game-suspected-of-using-real-people-as-ai/,https://qooah.com
