Title,URL,Web
潮濕天氣來臨，電子器材大敵！抽濕機 7 折優惠 + 優惠碼替你迎戰,https://chinese.engadget.com/dehumidifiers-spring-sales-2021-033010698.html,chinese.engadget.com
Intel 的 11 代 Core i 處理器力求吸引玩家的目光,https://chinese.engadget.com/intel-11-th-gen-desktop-cpus-rocket-lake-s-024522043.html,chinese.engadget.com
按下海中十公尺的快門，專訪臺灣首位鯨豚攝影師 ── 金磊 | FLiPER - 生活藝文誌,https://flipermag.com/2021/03/11/interview-ray-chin/,flipermag.com
文理分組，男女選邊站？性別如何影響高中生選組──逢甲大學郭祐誠專訪 - PanSci 泛科學,https://pansci.asia/archives/315741,pansci.asia
改名鮭魚之前，你需要注意的事！他列5大點痛批：年輕人太自卑需要惡搞博取關注-風傳媒,https://www.storm.mg/lifestyle/3544708?page=1,www.storm.mg
未來已來、綠色先行 解構往後10年的運具電動化趨勢-風傳媒,https://www.storm.mg/lifestyle/3544408?page=1,www.storm.mg
24小時限定！Red Bull 串聯15間特色酒吧，絕無僅有的一站式微醺體驗-風傳媒,https://www.storm.mg/stylish/3544648,www.storm.mg
全聯雷品》吃一次就懷疑人生！腥味超重的美國雞、死甜的乳酪蛋糕…8個超難吃食物一次全公開-風傳媒,https://www.storm.mg/lifestyle/3539679,www.storm.mg
鮭魚之亂》25歲男改名「邱榮耀鮭魚壽司郎」爽吃6千元，店員還跑來握手…他笑回：人生苦短-風傳媒,https://www.storm.mg/lifestyle/3544558,www.storm.mg
全臺爆發鮭魚熱潮！ 內政部出面示警改名規則：小心「實至名鮭」-風傳媒,https://www.storm.mg/lifestyle/3544254,www.storm.mg
不想被薪資綁死，該如何財務自由？從什麼都不會到晉升超級散戶，股市菜雞3年大賺30億-風傳媒,https://www.storm.mg/lifestyle/3486393?page=1,www.storm.mg
宋朝宰相月薪600萬、文官高低階層收入相差50倍…揭重文輕武制度弊病-風傳媒,https://www.storm.mg/lifestyle/3544088?page=1,www.storm.mg
貓奴必知》貓咪可以活多久？貓的年齡要怎麼算？簡單4招教你判斷！-風傳媒,https://www.storm.mg/lifestyle/3542996,www.storm.mg
每次看電影都踩雷？推薦10位高人氣影評YouTuber，想看優質電影就聽他們的-風傳媒,https://www.storm.mg/lifestyle/3543706?page=1,www.storm.mg
腎不好不能吃香蕉？醫師破除迷思，點名三大傷腎地雷：最好少碰為妙！-風傳媒,https://www.storm.mg/lifestyle/3523060,www.storm.mg
離職交接別說得太清楚！過來人用一個例子道出人性黑暗面：運用這點小心機，才會被感謝-風傳媒,https://www.storm.mg/lifestyle/3543528,www.storm.mg
不準孩子哭，會影響他成年的情緒發展！心理師：父母不給小孩做的事，其實都和自己兒時記憶有關-風傳媒,https://www.storm.mg/lifestyle/3543642,www.storm.mg
一出門就迷路、經常被騙...小心你已經得了失智症！醫師：最嚴重甚至會出現幻覺-風傳媒,https://www.storm.mg/lifestyle/3539301?page=1,www.storm.mg
如何分辨公司裡誰是職場小人？最常見5大特徵，中了其中一點就該提高警覺-風傳媒,https://www.storm.mg/lifestyle/3541659?page=1,www.storm.mg
蘇花公路傳遊覽車重大事故 ，勾起多件傷心往事…回顧8大臺灣嚴重遊覽車事故-風傳媒,https://www.storm.mg/lifestyle/3542921,www.storm.mg
臺中女遭賓士撞飛斷頸不治！律師揭18歲無照富少超慘下場，不只違法還要加重這刑責-風傳媒,https://www.storm.mg/lifestyle/3542326,www.storm.mg
年後轉職潮》7成3企業大開缺！人力銀行人資曝履歷第一眼重點在這裡-風傳媒,https://www.storm.mg/stylish/3543562,www.storm.mg
蘇花公路重大車禍釀6死！乘客被彈到山溝、車身碎片散落一地...駕駛回憶驚魂瞬間-風傳媒,https://www.storm.mg/lifestyle/3542842,www.storm.mg
從鳳梨之亂看補助 陳衝籲建立全民基本所得-風傳媒,https://www.storm.mg/stylish/3543500,www.storm.mg
HOT大聯盟勇奪中古車加盟市場龍頭-風傳媒,https://www.storm.mg/stylish/3543484,www.storm.mg
全球20億人為此所苦 嚴重恐引發窒息危機-風傳媒,https://www.storm.mg/stylish/3543469,www.storm.mg
臺積電除息2.5元，盤整機率高？法人透露：恐壓抑大盤走勢-風傳媒,https://www.storm.mg/lifestyle/3543373,www.storm.mg
IDC：Apple 在購物季統治了可穿戴市場,https://chinese.engadget.com/apples-watch-and-air-pods-are-dominating-the-wearable-market-010037237.html,chinese.engadget.com
還在用「我今天要來介紹⋯⋯」當簡報開場？學3種專業破冰技巧，讓你說出影響力，快速征服聽眾！ | SmartM 新網路科技 x 新工作職缺,https://www.smartm.com.tw/Article/36363236cea3,www.smartm.com.tw
太甜的鳳梨不能做罐頭？夏威夷披薩幫不了鳳梨農？黃澄澄甜膩膩的鳳梨身世大解密 - PanSci 泛科學,https://pansci.asia/archives/314417,pansci.asia
入圍奧斯卡：《少年的你》列港片爭議再起，反送中紀錄片《不割席》更香港？ - The News Lens 關鍵評論網,https://www.thenewslens.com/article/148483,www.thenewslens.com
Google Fonts 推出 Material Icons 免費圖示字型，收錄兩千個圖案五種樣式,https://free.com.tw/google-fonts-material-icons/,free.com.tw
"GTC21 GPU技術大會將於4月12日登場，多位AI先驅帶來1,300場主題演說 | T客邦",https://www.techbang.com/posts/85212-nvidia-gtc21-ai,www.techbang.com
「臺灣女兒」闖過參院頭關！戴琪獲98比0支持，出任美國貿易代表就等眾院點頭-風傳媒,https://www.storm.mg/article/3544033,www.storm.mg
ROG Phone 5 在中國銷售爆量，「ROG 遊戲手機」小編宣佈銷售創歷史新高 | T客邦,https://www.techbang.com/posts/85213-asus-rog-phone-5-sells-up-in-china-announces-all-time-high,www.techbang.com
LINE日本用戶資訊出包，臺灣用戶資訊安全嗎？LINE臺灣官方說明 | T客邦,https://www.techbang.com/posts/85221-line-for,www.techbang.com
錄影中請微笑：中國廣設「臉部情緒識別系統」，希望人民充滿正能量 - The News Lens 關鍵評論網,https://www.thenewslens.com/article/148494,www.thenewslens.com
全球生活型態轉變，「一人經濟」將是未來新藍海指標嗎？ - The News Lens 關鍵評論網,https://www.thenewslens.com/article/148226,www.thenewslens.com
常被誤認為失智症、帕金森氏症的「常壓性水腦症」是什麼？ - The News Lens 關鍵評論網,https://www.thenewslens.com/article/148454,www.thenewslens.com
《糾纏犯罪防治法》草案行為定義狹獈，立法精神與對人民的保障全面倒退 - The News Lens 關鍵評論網,https://www.thenewslens.com/article/146580,www.thenewslens.com
LINE日本用戶個資出包！2018年以來中國外包公司可瀏覽所有日本用戶的電話ID及對話內容 | T客邦,https://www.techbang.com/posts/85219-line-has-become-suspicious-that-chinese-outsourcing-companies,www.techbang.com
臺灣帛琉旅遊泡泡4/1首航：每週2班上限220人，團進團出且返臺「免居家檢疫」 - The News Lens 關鍵評論網,https://www.thenewslens.com/article/148531,www.thenewslens.com
堅持的勇氣，是讓夢想發光的養分：持修與SYM VEGA 125碰撞出閃耀火花 - The News Lens 關鍵評論網,https://www.thenewslens.com/article/148434,www.thenewslens.com
Gogoro VIVA MIX 試駕報告，適合跑山路還是市區？是 2021 年的電動車狠角色嗎？ | T客邦,https://www.techbang.com/posts/84896-gogoro-viva-mix-test-drive,www.techbang.com
"OSIM 與 MARVEL 聯手推出暖摩枕漫威限定款，限量優惠 2,980 元 | T客邦",https://www.techbang.com/posts/85215-osim-has-teamed-up-with-marvel-to-launch-the-warm-pillow,www.techbang.com
"小米優惠活動開跑！小米 10T 直降 1,000 元，米家吸頂燈、16 合 1 棘輪螺絲起子在臺開賣 | T客邦",https://www.techbang.com/posts/85214-xiaomi,www.techbang.com
55吋以上中階液晶電視選購推薦：臺幣2萬元至4萬元左右、 HDR技術更完善，遊戲、電影的最佳解 | T客邦,https://www.techbang.com/posts/84949-early-2021-mid-level-lcd-tv-shopping-focus-hdr-technology-is,www.techbang.com
何世昌專欄｜純情房客俏房東　立委同房分租要怎麼稅？-風傳媒,https://www.storm.mg/article/3544201,www.storm.mg
華為開始向蘋果等手機廠商收每支手機2.5美元的5G專利費，憑什麼？ | T客邦,https://www.techbang.com/posts/85203-huawei-will-start-charging-smartphone-makers-for-5g-patented,www.techbang.com
美墨邊境面臨20年最大移民潮，拜登呼籲：「不要再來了！」 - The News Lens 關鍵評論網,https://www.thenewslens.com/article/148508,www.thenewslens.com
33%醫護願接種AZ疫苗，陳時中：不算少，有其他廠商或國產疫苗醫護還是優先 - The News Lens 關鍵評論網,https://www.thenewslens.com/article/148517,www.thenewslens.com
反送中短片《不割席》、《遊牧人生》趙婷「辱華」等事件，傳中共封殺奧斯卡典禮直播 - The News Lens 關鍵評論網,https://www.thenewslens.com/article/148509,www.thenewslens.com
你也喜歡在家自拍嗎？小心照片無意間透露的訊息成為駭客犯案工具 | T客邦,https://www.techbang.com/posts/85002-hackers-are-using-home-office-selfies-to-steal-your-personal,www.techbang.com
菲律賓武漢肺炎疫情升高，連五天新增逾4000例病例 - The News Lens 關鍵評論網,https://www.thenewslens.com/article/148502,www.thenewslens.com
印尼移工來臺有望解禁：勞動部將新版防疫方案送指揮中心，強化境內外雙重把關 - The News Lens 關鍵評論網,https://www.thenewslens.com/article/148512,www.thenewslens.com
中世紀哲學入門經典：Boethius的《哲學的慰藉》 - The News Lens 關鍵評論網,https://www.thenewslens.com/article/148482,www.thenewslens.com
札幌地院判政府不承認同婚「違憲」創首例，審判長：違反憲法人人平等原則 - The News Lens 關鍵評論網,https://www.thenewslens.com/article/148516,www.thenewslens.com
拜登團隊首場外交出訪，美日「2+2會議」討論民主價值同盟合力抗中 - The News Lens 關鍵評論網,https://www.thenewslens.com/article/148515,www.thenewslens.com
IDC：受疫情催化影響，筆電取代桌機效應逐步發酵 | T客邦,https://www.techbang.com/posts/85145-idc-affected-by-the-catalysis-of-the-epidemic-the-pen,www.techbang.com
轉讓200萬劑AZ疫苗給巴拉圭？陳時中：臺灣沒那個本錢 - The News Lens 關鍵評論網,https://www.thenewslens.com/article/148503,www.thenewslens.com
「四方安全對話」緊接著出訪日韓印盟邦，美國籌組「亞洲版北約」圍堵中國？ - The News Lens 關鍵評論網,https://www.thenewslens.com/article/148504,www.thenewslens.com
臺灣不是「自古以來屬於中國」，而中華民國在臺澎只有治理權沒有主權 - The News Lens 關鍵評論網,https://www.thenewslens.com/article/148411,www.thenewslens.com
在梅克爾執政16年後，基民盟走到了歷史的十字路口 - The News Lens 關鍵評論網,https://www.thenewslens.com/article/148473,www.thenewslens.com
投資所謂的「ESG永續ETF」時，我究竟買到哪些東西？ - The News Lens 關鍵評論網,https://www.thenewslens.com/article/148490,www.thenewslens.com
「真的有Apple Car，而且3年內就會量產！」特斯拉代工大廠爆料：蘋果將自建汽車廠-風傳媒,https://www.storm.mg/article/3543671,www.storm.mg
該如何註銷 WhatsApp 個人帳號，以避免WhatsApp 與 Facebook 共享用戶帳號資料 | T客邦,https://www.techbang.com/posts/84656-how-do-i-delete-my-whatsapp-personal-account,www.techbang.com
臺版311 房市大地震！資深代書鄭文在：這件事不防堵，稅率再高投資客也不用繳稅-風傳媒,https://www.storm.mg/article/3541786,www.storm.mg
日本是泰國以外首個推動泰語檢定的國家，臺灣大學教育的未來應推動「市場外語」 - The News Lens 關鍵評論網,https://www.thenewslens.com/article/148466,www.thenewslens.com
一圖瞭解：守護空氣品質，臺中火力發電廠如何做到減煤減排？ - The News Lens 關鍵評論網,https://www.thenewslens.com/feature/taipower-2020/148346,www.thenewslens.com
三星高雄全品體驗館週末開幕，福袋、耳機五折、買電視送空氣清淨機 | T客邦,https://www.techbang.com/posts/85187-samsung,www.techbang.com
華爾街日報》49歲的「電音之王」！馬斯克在頭銜上搞怪，還把CFO變成「加密貨幣大師」-風傳媒,https://www.storm.mg/article/3543585?page=1,www.storm.mg
電音天王馬斯克宣佈要透過區塊鏈NFT販賣歌曲，玩完比特幣改玩拍賣交易？ | T客邦,https://www.techbang.com/posts/85189-musk-announced-that-he-would-continue-to-push-cryptocurrencies,www.techbang.com
"1MORE 推出 ComfoBuds Pro 主動降噪耳機，搭載四段降噪模式、售價 3,490 元 | T客邦",https://www.techbang.com/posts/85199-1more-introduces-comfobuds-pro-active-noise-cancelling,www.techbang.com
IDC發佈全球可穿戴裝置報告，耳機需求量大增取代手環成大宗，蘋果、小米排前兩名 | T客邦,https://www.techbang.com/posts/85191-idc-reported-a-27-rise-in-global-shipments-of-wearables-with,www.techbang.com
新店復興裏民自強活動遇劫，蘇花公路遊覽車撞山6死、39人輕重傷 - The News Lens 關鍵評論網,https://www.thenewslens.com/article/148500,www.thenewslens.com
火山島聖託里尼——故地重遊景象更替│環球科學札記(18) - PanSci 泛科學,https://pansci.asia/archives/312063,pansci.asia
看看GME事件，小蝦米未必都能扳倒大鯨魚！想在市場生存，謹記「3不3要」-風傳媒,https://www.storm.mg/article/3538933,www.storm.mg
最慘股市崩盤來臨，已只是時間問題？專家曝「7關鍵」正面迎戰-風傳媒,https://www.storm.mg/article/3541472,www.storm.mg
日本FASBEE攜手二手平臺RAGTAG販售古著、精品等超過20萬個品項 | T客邦,https://www.techbang.com/posts/85170-fasbee-collaborates-with-ragtag-to-sell-vintages-and-boutiques,www.techbang.com
Pure Storage公佈2021資料運算與儲存服務5大趨勢預測 | T客邦,https://www.techbang.com/posts/85102-pure-storage-2021-data-computing-and-storage-service-trend,www.techbang.com
大王椰子、北漂租屋、過勞司機：三個題目測試你適不適合在北市府擔任局長 - The News Lens 關鍵評論網,https://www.thenewslens.com/article/148485,www.thenewslens.com
【串流大平臺】五年後超越Netflix！Disney+為什麼對米老鼠帝國那麼重要？ - The News Lens 關鍵評論網,https://www.thenewslens.com/article/148146,www.thenewslens.com
不要一缺水，就想停止農業灌溉！臺灣需要的是「節水產業」 - The News Lens 關鍵評論網,https://www.thenewslens.com/article/148493,www.thenewslens.com
幼托整合已經十年，請還給「教保服務人員」一個合理的職業名稱 - The News Lens 關鍵評論網,https://www.thenewslens.com/article/148354,www.thenewslens.com
被文革遺風鎖定的海外華人，忍不住當「告密者」的本能與慾望 - The News Lens 關鍵評論網,https://www.thenewslens.com/article/148445,www.thenewslens.com
「我不做被拱上臺的王子！」 30年前在日本留下遺憾，東元第三代這回準備好了-風傳媒,https://www.storm.mg/article/3531294?page=1,www.storm.mg
Influenxio圈圈科技獲DCM挹注Pre-A輪資金，首創訂閱制微網紅服務 | T客邦,https://www.techbang.com/posts/85033-influenxio-receives-exclusive-pre-a-round-funding-from-dcm,www.techbang.com
Renault 換新 Logo，更科技感，而且與72年版極之相似 | Qooah,https://qooah.com/2021/03/16/renault-renews-its-logo/,qooah.com
闊別3年小米平板5 重返，S870 性能擔當、屏幕交給 2K 吧 | Qooah,https://qooah.com/2021/03/16/xiaomi-mi-pad-5-leaks/,qooah.com
AirPods Max 推出系統更新，解決保護套致電量過耗臭Bug！ | Qooah,https://qooah.com/2021/03/16/airpods-max-battery-drain-issues-fixed/,qooah.com
Nokia 將於 4 月 8 日舉行發佈會，預計最少三款手機推出 | Qooah,https://qooah.com/2021/03/16/nokia-product-launch-8-april/,qooah.com
描繪少男少女的不安與猶疑，日本插畫家 Aki Arata 心中最唯美的青春映像 | FLiPER - 生活藝文誌,https://flipermag.com/2021/03/17/aki-arata/,flipermag.com
999 金 iPhone 12 Pro 買起來！1000g 純金只售港幣一百二十萬 | Qooah,https://qooah.com/2021/03/17/caviar-goldphone-iphone-12-pro/,qooah.com
Apple 自研 5G 晶片正在努力中，有望解決現時上網訊號差問題 | Qooah,https://qooah.com/2021/03/17/apple-5g-soc-is-coming-2024/,qooah.com
拉高標準就能提升成績？「自我應驗預言」正在默默影響著你！ | manfashion這樣變型男,https://mf.techbang.com/posts/13373-can-raising-standards-improve-performance-self-fulfilling-prophecy-is-silently-affecting-you,mf.techbang.com
為什麼媽媽只能扮「黑臉」？長期易引發負面情緒，影響在孩子心中的形象,https://mamaclub.com/learn/%e7%82%ba%e4%bb%80%e9%ba%bc%e5%aa%bd%e5%aa%bd%e5%8f%aa%e8%83%bd%e6%89%ae%e3%80%8c%e9%bb%91%e8%87%89%e3%80%8d%ef%bc%9f%e9%95%b7%e6%9c%9f%e6%98%93%e5%bc%95%e7%99%bc%e8%b2%a0%e9%9d%a2%e6%83%85%e7%b7%92/,mamaclub.com
【會員贈獎】《噗噗！與屁屁偵探完美破案-臺北篇》門票 – 媽媽經｜專屬於媽媽的網站,https://mamaclub.com/learn/%e3%80%90%e6%9c%83%e5%93%a1%e8%b4%88%e7%8d%8e%e3%80%91%e3%80%8a%e5%99%97%e5%99%97%ef%bc%81%e8%88%87%e5%b1%81%e5%b1%81%e5%81%b5%e6%8e%a2%e5%ae%8c%e7%be%8e%e7%a0%b4%e6%a1%88-%e5%8f%b0%e5%8c%97%e7%af%87/,mamaclub.com
米漢堡還能這樣吃？超可愛「拉拉熊優格炸雞米漢堡」孩子一秒愛上！ – 媽媽經｜專屬於媽媽的網站,https://mamaclub.com/learn/%e7%b1%b3%e6%bc%a2%e5%a0%a1%e9%82%84%e8%83%bd%e9%80%99%e6%a8%a3%e5%90%83%ef%bc%9f%e8%b6%85%e5%8f%af%e6%84%9b%e3%80%8c%e6%8b%89%e6%8b%89%e7%86%8a%e5%84%aa%e6%a0%bc%e7%82%b8%e9%9b%9e%e7%b1%b3%e6%bc%a2/,mamaclub.com
英國狗狗竊案暴增 寵物警察專門找 | DQ 地球圖輯隊 帶你看透全世界,https://dq.yam.com/post.php?id=13656,dq.yam.com
【每個人心目中都有屬於自己的寶藏】專訪《東經北緯》導演袁緒虎：我想證明，臺灣的海洋可以這樣拍 | VidaOrange,https://buzzorange.com/vidaorange/2021/03/17/travel-blood-of-blue/,buzzorange.com
砸錢幫原料商研發！糕餅界英雄聯盟營收逆增2成 - 精選文章 - 商業週刊,http://www.businessweekly.com.tw/KWebArticle.aspx?ID=7003420,www.businessweekly.com.tw
每五雙就有一雙出自它 全球足球鞋大王解密 - 精選文章 - 商業週刊,http://www.businessweekly.com.tw/KWebArticle.aspx?ID=7003410,www.businessweekly.com.tw
川普越狂它越賣  《紐時》掙扎轉型記 - 精選文章 - 商業週刊,http://www.businessweekly.com.tw/KWebArticle.aspx?ID=7003402,www.businessweekly.com.tw
國產銷量前兩月增20%　Hyundai、Kia、Genesis韓國合計市佔高達近九成！ | 車壇新訊 | 國際車訊 | 發燒車訊,https://autos.udn.com/autos/story/7826/5324501,autos.udn.com
Samsung 首次展示 3nm 工藝，運行電壓僅0.23V | Qooah,https://qooah.com/2021/03/17/samsung-demonstrates-3nm-process-for-the-first-time/,qooah.com
蘇寧深陷財務困境，國際米蘭前途未卜 - 紐約時報中文網,https://cn.nytimes.com/business/20210317/china-football-inter-milan-suning/zh-hant/,cn.nytimes.com
我們仍未準備好應對下一次大流行 - 紐約時報中文網,https://cn.nytimes.com/opinion/20210317/covid-pandemic/zh-hant/,cn.nytimes.com
演員爆棚！中國電競次級聯賽 LDL 宣佈停賽整頓,http://www.upmedia.mg/news_info.php?SerialNo=108639,www.upmedia.mg
清大彭明輝的部落格: 理性也能讓人更殘忍：一部必看的電影,http://mhperng.blogspot.com/2021/03/blog-post_17.html,mhperng.blogspot.com
我怎麼變成了「海鷗經理」呢？ - 精選文章 - 商業週刊,http://www.businessweekly.com.tw/KWebArticle.aspx?ID=7003404,www.businessweekly.com.tw
做瘋狂的事不對嗎？ - 精選文章 - 商業週刊,http://www.businessweekly.com.tw/KWebArticle.aspx?ID=7003403,www.businessweekly.com.tw
9成以上的過敏患者，腸道都充滿毒素！她花3週戒「麵包、麵條」，過敏竟好轉了-良醫讀書會-良醫健康網,https://health.businessweekly.com.tw/AArticle.aspx?id=ARTL003004521,health.businessweekly.com.tw
3/17 中華職直播、Live 線上看（統一獅 vs 樂天桃猿）2021 - 蘋果仁 - iPhone/iOS/好物推薦科技媒體,https://applealmond.com/posts/92012,applealmond.com
【像安海瑟薇一樣自信優雅】3 部電影中學「都會職場穿搭」：高年級實習生、艾蜜莉在巴黎、攻敵必救 | VidaOrange,https://buzzorange.com/vidaorange/2021/03/17/work-fashion-movies/,buzzorange.com
Visa 執行長 Alfred Kelly：加密貨幣 5 年內可望打入主流 - 區塊客,https://blockcast.it/2021/03/17/visa-ceo-said-that-cryptocurrencies-could-become-extremely-mainstream-in-five-years/,blockcast.it
Volvo的全電動化時代 於2030年正式來臨 | 車壇新訊 | 國際車訊 | 發燒車訊,https://autos.udn.com/autos/story/7826/5303854,autos.udn.com
富果能定期定額嗎？圖解用富果股票e指存做定期定額 - Mr.Market市場先生,https://rich01.com/fugle-esun-sip-process/,rich01.com
你改名鮭魚了嗎？壽司郎：歡迎「鮭魚先生」、「鮭魚小姐」｜網稱鮭魚之亂 - 蘋果仁 - iPhone/iOS/好物推薦科技媒體,https://applealmond.com/posts/92135,applealmond.com
DFUN專訪 設計是我的天命，來自英倫的設計師Tara Bernerd - DFUN,http://www.dfunmag.com.tw/dfun%e5%b0%88%e8%a8%aa-%e8%a8%ad%e8%a8%88%e6%98%af%e6%88%91%e7%9a%84%e5%a4%a9%e5%91%bd%ef%bc%8c%e4%be%86%e8%87%aa%e8%8b%b1%e5%80%ab%e7%9a%84%e8%a8%ad%e8%a8%88%e5%b8%abtara-bernerd/,www.dfunmag.com.tw
孩子成績差、老公疏離妳都不是妳的錯！五個步驟丟掉「怪罪自己」的想法 – 媽媽經｜專屬於媽媽的網站,https://mamaclub.com/learn/%e5%ad%a9%e5%ad%90%e6%88%90%e7%b8%be%e5%b7%ae%e3%80%81%e8%80%81%e5%85%ac%e7%96%8f%e9%9b%a2%e5%a6%b3%e9%83%bd%e4%b8%8d%e6%98%af%e5%a6%b3%e7%9a%84%e9%8c%af%ef%bc%81%e4%ba%94%e5%80%8b%e6%ad%a5%e9%a9%9f/,mamaclub.com
美日高層會晤譴責中國威脅，為美中對話定調 - 紐約時報中文網,https://cn.nytimes.com/usa/20210317/us-japan-china-talks/zh-hant/,cn.nytimes.com
《瘋狂的庫庫姆》實況主爭霸賽開戰在即！正確預測寶石金幣豪禮拿不完！,http://www.upmedia.mg/news_info.php?SerialNo=108446,www.upmedia.mg
新世代Subaru WRX再度捕獲 2.4T新動力預計2021夏季登場！ | 車壇新訊 | 國際車訊 | 發燒車訊,https://autos.udn.com/autos/story/7826/5324147,autos.udn.com
創紀錄 61 億美元選擇權將到期！比特幣多方仍佔優勢 - 區塊客,https://blockcast.it/2021/03/17/6-1-billion-worth-of-btc-options-to-expire-data-suggests-that-it-favors-bullish-traders/,blockcast.it
忙碌的一天中最美好的「七分鐘」 用音樂和呼吸找回愛自己的頻率 – 媽媽經｜專屬於媽媽的網站,https://mamaclub.com/learn/%e5%bf%99%e7%a2%8c%e7%9a%84%e4%b8%80%e5%a4%a9%e4%b8%ad%e6%9c%80%e7%be%8e%e5%a5%bd%e7%9a%84%e3%80%8c%e4%b8%83%e5%88%86%e9%90%98%e3%80%8d%e7%94%a8%e9%9f%b3%e6%a8%82%e5%92%8c%e5%91%bc%e5%90%b8%e6%89%be/,mamaclub.com
「切掉水果發黴處」照吃不誤，竟罹患肝癌！去掉發黴地方東西還能吃嗎？,https://mamaclub.com/learn/%e3%80%8c%e5%88%87%e6%8e%89%e6%b0%b4%e6%9e%9c%e7%99%bc%e9%9c%89%e8%99%95%e3%80%8d%e7%85%a7%e5%90%83%e4%b8%8d%e8%aa%a4%ef%bc%8c%e7%ab%9f%e7%bd%b9%e6%82%a3%e8%82%9d%e7%99%8c%ef%bc%81%e5%8e%bb%e6%8e%89/,mamaclub.com
搶救230公斤病患　耗時3小時擡下5樓送醫 - uho優活健康網,http://www.uho.com.tw/hotnews.asp?aid=52560,www.uho.com.tw
小米智慧生活優惠活動，購買手機省千元、在臺推出米家吸頂燈及螺絲起子 :: 哇哇3C日誌,https://ez3c.tw/9255,ez3c.tw
搶攻大型豪華SUV市場　疑似全新Audi Q9大休旅偽裝車捕獲！ | 車壇新訊 | 國際車訊 | 發燒車訊,https://autos.udn.com/autos/story/7826/5323764,autos.udn.com
"Metronome Beats 極度擬真的擺動式節拍器（iPhone, iPad） – 重灌狂人",https://briian.com/73868/,briian.com
【下背痛拉筋伸展運動】5招簡單「居家瑜珈」：脊椎扭轉式、貓式、牛式、眼鏡蛇式、超人式的正確步驟,https://buzzorange.com/vidaorange/2021/03/17/health-relax-your-low-back/,buzzorange.com
記性差、性格變、易受騙！原來是失智症警訊？醫師圖文解說，帶你瞭解,https://mamaclub.com/learn/%e8%a8%98%e6%80%a7%e5%b7%ae%e3%80%81%e6%80%a7%e6%a0%bc%e8%ae%8a%e3%80%81%e6%98%93%e5%8f%97%e9%a8%99%ef%bc%81%e5%8e%9f%e4%be%86%e6%98%af%e5%a4%b1%e6%99%ba%e7%97%87%e8%ad%a6%e8%a8%8a%ef%bc%9f%e9%86%ab/,mamaclub.com
想要不停啪啪啪？愛愛必備「情趣精油」為你們的美好時光加溫！ | manfashion這樣變型男,https://mf.techbang.com/posts/13375-want-to-keep-crackling-love-must-have-love-essential-oil-for-your-good-times-to-warm-up,mf.techbang.com
四年內 10 億人口持有比特幣！我們距離「全民採納」還有多遠？ - 區塊客,https://blockcast.it/2021/03/17/aax-bitcoin-adoption-is-parabolic-growth-in-sight/,blockcast.it
日本買的就是讚！？到日本玩就會想掃貨的關鍵原因？ | MATCHA - 日本線上旅遊觀光雜誌,https://matcha-jp.com/tw/10442,matcha-jp.com
【新北裏民團6死39傷】事故點「湊巧很雷同」　今遊覽車撞山和11年前26死差7公里,https://www.upmedia.mg/news_info.php?SerialNo=108675,www.upmedia.mg
【新北裏民團6死39傷】第一時間到醫院探視　侯友宜泛淚：會盡全力協助,https://www.upmedia.mg/news_info.php?SerialNo=108670,www.upmedia.mg
【新北裏民團6死39傷】遊覽車撞山壁釀6死　死者最大78歲、最小21歲,https://www.upmedia.mg/news_info.php?SerialNo=108671,www.upmedia.mg
【新北裏民團6死39傷】事故向華南產承保　身故者至少可理賠400萬,https://www.upmedia.mg/news_info.php?SerialNo=108668,www.upmedia.mg
【新北裏民團6死39傷】遊覽車疑煞車失靈撞山　運安會赴現場蒐證,https://www.upmedia.mg/news_info.php?SerialNo=108666,www.upmedia.mg
防止鳳梨產期集中價格暴跌　農糧署推臺糖減種、農民轉種兩政策,https://www.upmedia.mg/news_info.php?SerialNo=108662,www.upmedia.mg
康友掏空弊案凸顯漏洞　林岱樺要求KY股資金禁止全數匯出境外,https://www.upmedia.mg/news_info.php?SerialNo=108656,www.upmedia.mg
被追問AZ疫苗竟嗆記者「為什麼要告訴你」　莊人祥致歉：一時鬼打牆,https://www.upmedia.mg/news_info.php?SerialNo=108651,www.upmedia.mg
【快訊】新店裏民花蓮玩遊覽撞山壁釀6死39傷　帶團裏長自責向死者家屬下跪,https://www.upmedia.mg/news_info.php?SerialNo=108654,www.upmedia.mg
有食譜》「雞胸肉減重」進階版！韓國料理專家的2道「甩肉菜單」：漢堡排、烤雞大口吃也會瘦-良醫讀書會-良醫健康網,https://health.businessweekly.com.tw/AArticle.aspx?id=ARTL003004508,health.businessweekly.com.tw
臺帛旅遊泡泡進展順利　指揮中心預計17日宣佈,https://www.upmedia.mg/news_info.php?SerialNo=108647,www.upmedia.mg
高嘉瑜向蔡英文推他選北市長　王世堅爆笑：不唱歌改練笑話？,https://www.upmedia.mg/news_info.php?SerialNo=108648,www.upmedia.mg
僅3成醫護人員願意接種AZ疫苗　指揮中心自我解嘲：整體比率不算低,https://www.upmedia.mg/news_info.php?SerialNo=108642,www.upmedia.mg
侯友宜質疑新北核廢料還要放多久　蘇貞昌：8月核四公投國人應思考,https://www.upmedia.mg/news_info.php?SerialNo=108644,www.upmedia.mg
北市動物園紅猴脫逃　動物園籲民眾發現行蹤時：不要驚擾男道,https://www.upmedia.mg/news_info.php?SerialNo=108636,www.upmedia.mg
【柏惟兄vs.顏葛格】顏喊話勿仇恨選民　陳回嗆學習空軍前「要把文章讀對」,http://www.upmedia.mg/news_info.php?SerialNo=108632,www.upmedia.mg
中國駐法大使威脅法參議員不得訪臺　外交部：譴責中國戰狼外交,http://www.upmedia.mg/news_info.php?SerialNo=108633,www.upmedia.mg
景文科大迎新迫學弟妹脫內衣褲案　二審改判被告無罪,http://www.upmedia.mg/news_info.php?SerialNo=108629,www.upmedia.mg
帛琉總統將訪臺　蘇貞昌：安全前提下彼此提早往來乃好事,http://www.upmedia.mg/news_info.php?SerialNo=108620,www.upmedia.mg
家用全戶淨水推薦！EVERPOLL 傳家寶全戶濾淨 FH-151 @3C 達人廖阿輝,https://ahui3c.com/90902/everpoll-151,ahui3c.com
HyperX 電競鍵盤、耳機限時折扣高達 7 折、香港免運費,https://chinese.engadget.com/hyperx-sale-alloy-origins-core-amazon-155118888.html,chinese.engadget.com
節儉夫妻「切掉水果發黴處」照吃不誤，竟罹患肝癌！營養師不同水果保存法大公開 – 媽媽經｜專屬於媽媽的網站,https://mamaclub.com/learn/%e7%af%80%e5%84%89%e5%a4%ab%e5%a6%bb%e3%80%8c%e5%88%87%e6%8e%89%e6%b0%b4%e6%9e%9c%e7%99%bc%e9%9c%89%e8%99%95%e3%80%8d%e7%85%a7%e5%90%83%e4%b8%8d%e8%aa%a4%ef%bc%8c%e7%ab%9f%e7%bd%b9%e6%82%a3%e8%82%9d/,mamaclub.com
BMW X5、X7 Dark Knight曜黑版霸氣登場 各限量30輛 | 車壇速報 | 國內車訊 | 發燒車訊,https://autos.udn.com/autos/story/7825/5323662,autos.udn.com
Ubisoft 佛心標錯價！？《彩虹六號：圍攻行動》只要1元 - 蘋果仁 - iPhone/iOS/好物推薦科技媒體,https://applealmond.com/posts/92092,applealmond.com
亞特蘭大按摩院槍擊案：八人死亡，六人為亞裔 - 紐約時報中文網,https://cn.nytimes.com/usa/20210317/atlanta-shootings-massage-parlor/zh-hant/,cn.nytimes.com
吃發黴水果罹肝癌？聽聽營養師怎麼說 - uho優活健康網,http://www.uho.com.tw/hotnews.asp?aid=52561,www.uho.com.tw
「place.dog」用可愛狗狗做為網頁佔位圖 – 重灌狂人,https://briian.com/73864/,briian.com
副食品怎麼吃? 副食品派系？ //4-8月的副食品記錄&簡易製作方法// – 媽媽經｜專屬於媽媽的網站,https://mamaclub.com/learn/%e5%89%af%e9%a3%9f%e5%93%81%e6%80%8e%e9%ba%bc%e5%90%83-%e5%89%af%e9%a3%9f%e5%93%81%e6%b4%be%e7%b3%bb%ef%bc%9f-4-8%e6%9c%88%e7%9a%84%e5%89%af%e9%a3%9f%e5%93%81%e8%a8%98%e9%8c%84%e7%b0%a1/,mamaclub.com
蘋果三月發會表邀請函流出？時間真的在這天？ - 蘋果仁 - iPhone/iOS/好物推薦科技媒體,https://applealmond.com/posts/92079,applealmond.com
主管的薪水一定要比部屬高嗎？ - 精選文章 - 商業週刊,http://www.businessweekly.com.tw/KWebArticle.aspx?ID=7003366,www.businessweekly.com.tw
加密聊天軟體Signal疑在中國被封鎖 - 紐約時報中文網,https://cn.nytimes.com/technology/20210317/china-signal/zh-hant/,cn.nytimes.com
生活好憂慮？從9種樹木學習找到人生的意義與價值 – 媽媽經｜專屬於媽媽的網站,https://mamaclub.com/learn/%e7%94%9f%e6%b4%bb%e5%a5%bd%e6%86%82%e6%85%ae%ef%bc%9f%e5%be%9e9%e7%a8%ae%e6%a8%b9%e6%9c%a8%e5%ad%b8%e7%bf%92%e6%89%be%e5%88%b0%e4%ba%ba%e7%94%9f%e7%9a%84%e6%84%8f%e7%be%a9%e8%88%87%e5%83%b9%e5%80%bc/,mamaclub.com
Cardano 即將上架 Coinbase Pro！激勵 ADA 幣價飆升 20% - 區塊客,https://blockcast.it/2021/03/17/cardano-ada-launching-on-coinbase-pro-price-jumped-by-20/,blockcast.it
【生氣是不成熟的表現？】諮商心理師吳姵瑩：生不了氣的人，也保護不了自己 | VidaOrange,https://buzzorange.com/vidaorange/2021/03/17/life-dare-angry/,buzzorange.com
媽媽長期扮黑臉，孩子越來越疏遠？想通3件事，找回當媽媽的自我與溫度 – 媽媽經｜專屬於媽媽的網站,https://mamaclub.com/learn/%e5%aa%bd%e5%aa%bd%e9%95%b7%e6%9c%9f%e6%89%ae%e9%bb%91%e8%87%89%ef%bc%8c%e5%ad%a9%e5%ad%90%e8%b6%8a%e4%be%86%e8%b6%8a%e7%96%8f%e9%81%a0%ef%bc%9f%e6%83%b3%e9%80%9a3%e4%bb%b6%e4%ba%8b%ef%bc%8c%e6%89%be/,mamaclub.com
"「Flutter: Butterfly Sanctuary」很真實但不可怕的蝴蝶培育遊戲（iPhone, Android） – 重灌狂人",https://briian.com/73853/,briian.com
【地球 24小時】03/15 歡迎來到惡魔島！ | DQ 地球圖輯隊 帶你看透全世界,https://dq.yam.com/post.php?id=13654,dq.yam.com
思覺失調症少年藝術創作　鼓勵憂鬱患者 - uho優活健康網,http://www.uho.com.tw/hotnews.asp?aid=52563,www.uho.com.tw
黃天在上，厚土在下：十年最強沙塵暴入侵中國 | DQ 地球圖輯隊 帶你看透全世界,https://dq.yam.com/post.php?id=13655,dq.yam.com
做他們的支撐~「2021急難婦幼家庭救援計劃」 – 媽媽經｜專屬於媽媽的網站,https://mamaclub.com/learn/%e5%81%9a%e4%bb%96%e5%80%91%e7%9a%84%e6%94%af%e6%92%90%e3%80%8c2021%e6%80%a5%e9%9b%a3%e5%a9%a6%e5%b9%bc%e5%ae%b6%e5%ba%ad%e6%95%91%e6%8f%b4%e8%a8%88%e5%8a%83%e3%80%8d/,mamaclub.com
這幾個 App 的個資使用狀況最糟糕，但你可能還是會用！ - 蘋果仁 - iPhone/iOS/好物推薦科技媒體,https://applealmond.com/posts/92060,applealmond.com
-零失敗母乳皁DIY- //母乳皁簡易製作方法// – 媽媽經｜專屬於媽媽的網站,https://mamaclub.com/learn/%e9%9b%b6%e5%a4%b1%e6%95%97%e6%af%8d%e4%b9%b3%e7%9a%82diy-%e6%af%8d%e4%b9%b3%e7%9a%82%e7%b0%a1%e6%98%93%e8%a3%bd%e4%bd%9c%e6%96%b9%e6%b3%95/,mamaclub.com
扮黑臉或白臉？媽媽也是人啊！找回當媽媽的自我與溫度 – 媽媽經｜專屬於媽媽的網站,https://mamaclub.com/learn/%e6%89%ae%e9%bb%91%e8%87%89%e6%88%96%e7%99%bd%e8%87%89%ef%bc%9f%e5%aa%bd%e5%aa%bd%e4%b9%9f%e6%98%af%e4%ba%ba%e5%95%8a%ef%bc%81%e6%89%be%e5%9b%9e%e7%95%b6%e5%aa%bd%e5%aa%bd%e7%9a%84%e8%87%aa%e6%88%91/,mamaclub.com
簡報：美國務卿訪日譴責中國威脅；Signal疑在中國被封 - 紐約時報中文網,https://cn.nytimes.com/morning-brief/20210317/us-japan-china-signal-ban/zh-hant/,cn.nytimes.com
習近平氣候雄心的絆腳石：煤炭 - 紐約時報中文網,https://cn.nytimes.com/china/20210317/china-coal-politics/zh-hant/,cn.nytimes.com
兄妹竟為10萬遺產吵7年！提早做好財產規劃，也是減少兒女的困擾 |早安樂活,https://lohas.edh.tw/article/21350,lohas.edh.tw
Anne Lacaton、Jean-Philippe Vassal 榮獲2021普立茲克建築獎：「永不拆除建築，而是以改造與再利用為前提！」｜MOT TIMES 明日誌,http://www.mottimes.com/cht/article_detail.php?type=0&serial=2402,www.mottimes.com
AirPods3還沒發表，就被看衰？兩臺廠恐遭殃！郭明錤看蘋果「降價兩難」,http://www.businessweekly.com.tw/article.aspx?id=3005853&type=Blog,www.businessweekly.com.tw
佛心肉燥飯只要10元！餛飩皮薄多汁內餡Q彈　府城口味意麵超涮嘴 | ETtoday旅遊雲 | ETtoday新聞雲,https://travel.ettoday.net/article/1939300.htm,travel.ettoday.net
今年秋冬趨勢就看這篇！從巴黎時裝週看出4大重點：滑雪、泰迪熊、針織衫2.0 | Vogue Taiwan,https://www.vogue.com.tw/fashion/article/paris-fashion-week-2021aw-trend,www.vogue.com.tw
囤房稅會轉嫁承租人？邱顯智轟「操作恐懼」要財政部1個月內提出實證研究 | 信傳媒,https://www.cmmedia.com.tw/home/articles/26368,www.cmmedia.com.tw
水荒危機》多雨缺水國又因政策補貼導致浪費 李鴻源：2030年將短缺40億噸水 | 信傳媒,https://www.cmmedia.com.tw/home/articles/26367,www.cmmedia.com.tw
銷魂老酒麵線！盤點馬祖美食　必嚐酥Q黃金地瓜餃、坐賞私房海景 | ETtoday旅遊雲 | ETtoday新聞雲,https://travel.ettoday.net/article/1938245.htm,travel.ettoday.net
鐵粉快收藏！青春露、靈芝水換上限定新裝，金盞花化妝水170週年復刻版超美 | 限量、2021母親節、靈芝水、青春露 | 美人計 | 妞新聞 niusnews,https://www.niusnews.com/=P08f22g11,www.niusnews.com
臺灣魯肉飯登亞洲之粹！亞洲最佳50餐廳挺在地美食 - MOOK景點家,https://www.mook.com.tw/article.php?op=articleinfo&articleid=25956,www.mook.com.tw
為什麼經期前要拒吃「拉麵」？有經期前水腫困擾，試試這 3 種方法｜女人迷 Womany,https://womany.net/read/article/26679,womany.net
"老牌交易所 Kraken 證實：明年考慮「直接掛牌上市」，估值得高於100億美元 | 動區動趨-最具影響力的區塊鏈媒體 (比特幣, 虛擬貨幣)",https://www.blocktempo.com/kraken-considering-direct-listing-in-2022/,www.blocktempo.com
邱澤面對外界誤解：「不聽不看就好，你改變不了這個世界！」 | Vogue Taiwan,https://www.vogue.com.tw/entertainment/article/roy-chiu-the-arc-of-life-interview,www.vogue.com.tw
Google Play 商店 7/1 起調降營收 100 萬美金以下開發者分潤至 15%  希望將吸引更多App 開發人員 #google play store (160450) - 癮科技 Cool3c,https://www.cool3c.com/article/160450,www.cool3c.com
開門4小時28名「鮭魚」吃爆壽司郎　全臺4縣市改名人數統計出爐 | ETtoday旅遊雲 | ETtoday新聞雲,https://travel.ettoday.net/article/1940388.htm,travel.ettoday.net
帛琉泡泡4月1日首發！旅行社已接400人預約單「費用、入住飯店曝」 | ETtoday旅遊雲 | ETtoday新聞雲,https://travel.ettoday.net/article/1940364.htm,travel.ettoday.net
砸錢幫原料商研發！糕餅界英雄聯盟營收逆增2成 - 商業週刊第1740期 - 商周知識庫,https://www.businessweekly.com.tw/archive/Article/Index?StrId=7003420,www.businessweekly.com.tw
每五雙就有一雙出自它 全球足球鞋大王解密 - 商業週刊第1740期 - 商周知識庫,https://www.businessweekly.com.tw/archive/Article/Index?StrId=7003410,www.businessweekly.com.tw
我怎麼變成了「海鷗經理」呢？ - 商業週刊第1740期 - 商周知識庫,https://www.businessweekly.com.tw/archive/Article/Index?StrId=7003404,www.businessweekly.com.tw
做瘋狂的事不對嗎？ - 商業週刊第1740期 - 商周知識庫,https://www.businessweekly.com.tw/archive/Article/Index?StrId=7003403,www.businessweekly.com.tw
川普越狂它越賣  《紐時》掙扎轉型記 - 商業週刊第1740期 - 商周知識庫,https://www.businessweekly.com.tw/archive/Article/Index?StrId=7003402,www.businessweekly.com.tw
政府推行電動車普及化   2025年15萬個充電車位 - 香港 unwire.hk,https://unwire.hk/?p=1028273,unwire.hk
臺北捷運X中衛口罩聯名！「北捷25週年紀念款」設計結合6大路線、免費索取三大要點 | 大人物 - 94836,https://www.damanwoo.com/node/94836,www.damanwoo.com
身體保養只注重保濕、香氛，想要美白太難？現在開始每一天都把「美白有效成分」往身上擦！只要5天，肌膚勻白、淨亮真的有感，都是NIVEA美白乳液的功勞！ | Vogue Taiwan,https://www.vogue.com.tw/beauty/article/nivea-美白乳液-202103,www.vogue.com.tw
找不到 GoPro app 嗎？因為它已經跟 Quik 合併啦！ - 電腦王阿達,https://www.kocpc.com.tw/archives/374408,www.kocpc.com.tw
小孩怕生、不敢打招呼可以用這句話打圓場！5個練習方法讓孩子越來越敢叫人 | 媽媽妞、親子妞、打招呼、禮貌、練習 | 生活發現 | 妞新聞 niusnews,https://www.niusnews.com/=P265qusu7,www.niusnews.com
寶馬 MINI 改革成電動車品牌  目標2030停產燃油車 - 香港 unwire.hk,https://unwire.hk/?p=1027930,unwire.hk
高雄崗山之眼壯麗懸日再現！3月底前還可「免費參觀」 | ETtoday旅遊雲 | ETtoday新聞雲,https://travel.ettoday.net/article/1939320.htm,travel.ettoday.net
Peugeot 2008 GT<br/>脫胎換骨 - DRIVES - TopGear,https://www.topgeartw.com/?p=51788,www.topgeartw.com
臺灣、帛琉旅遊泡泡首航》陳時中公佈「防疫5原則」交通部建議加「2項保險」 | 信傳媒,https://www.cmmedia.com.tw/home/articles/26366,www.cmmedia.com.tw
35+保鮮法 / 你在「養生」還是「養病」？預防體重超過、新陳代謝下降，這5個生活習慣一定要改掉 | Vogue Taiwan,https://www.vogue.com.tw/beauty/article/養生-養病-生活習慣,www.vogue.com.tw
中國科企避開 iOS 14 新私隱政策  用廣告標識 CAID 記錄用戶行為 - 香港 unwire.hk,https://unwire.hk/2021/03/17/chinapolicytowardsprivacylaw/news/,unwire.hk
美中高層會議明登場》美中破冰不被看好 前提是北京停止霸凌澳洲 | 信傳媒,https://www.cmmedia.com.tw/home/articles/26364,www.cmmedia.com.tw
KY股又出包》英瑞付不出4.7億貨款、淘帝打入全額交割 勤業眾信再度遭點名 | 信傳媒,https://www.cmmedia.com.tw/home/articles/26358,www.cmmedia.com.tw
藻礁攻防》麥寮接器站救三階胎死腹中 象徵蔡英文提前跛腳？ | 信傳媒,https://www.cmmedia.com.tw/home/articles/26355,www.cmmedia.com.tw
佛地魔年輕時帥慘：這個法國小生帥出新高度，提前關注起來 ‧ A Day Magazine,https://www.adaymag.com/2021/03/17/the-house-of-gaunt：lord-voldemort-origins.html,www.adaymag.com
「只有頭髮是真的」：紅遍韓國的美女 Youtuber，坦承漂亮臉蛋是用 AI 合成的 ‧ A Day Magazine,https://www.adaymag.com/2021/03/17/youtuber-rui.html,www.adaymag.com
美元小漲歐元小跌 - 羣益期Jungle外匯日報20210317,https://small-invest-big-winner.blogspot.com/2021/03/17ForeignExchange.html,small-invest-big-winner.blogspot.com
【臺北時裝週】亞洲首場 永續主題時尚大秀 六位設計師、九位藝人網紅 力挺臺灣永續美學 | Vogue Taiwan,https://www.vogue.com.tw/fashion/article/sustainable-show,www.vogue.com.tw
四款超可愛扭蛋開箱！貓貓狗狗、立頓飲料，及雜誌與報紙攤初登場！| 打翻玩具箱 | 扭蛋、療癒、立頓、貓咪、狗狗 | 生活發現 | 妞新聞 niusnews,https://www.niusnews.com/=P3iu0fu02,www.niusnews.com
持修為年輕發聲：SYM VEGA 125 全新改款，以宇宙與星座為主題 #機車 (160403) - 癮科技 Cool3c,https://www.cool3c.com/article/160403,www.cool3c.com
「實至名鮭」！內政部提醒大家《姓名條例》規定改名原則最多三次 - 電腦王阿達,https://www.kocpc.com.tw/archives/374462,www.kocpc.com.tw
三星在股東大會表示由於晶片短缺，今年可能會跳過 Galaxy Note 發表 (160459) - 癮科技 Cool3c,https://www.cool3c.com/article/160459,www.cool3c.com
3天2夜搭「探索夢號」賞澎湖花火秀3000元！船上有波希米亞市集 | ETtoday旅遊雲 | ETtoday新聞雲,https://travel.ettoday.net/article/1940290.htm,travel.ettoday.net
DJ、S&P500持續創新高 - 羣益期Jungle股票日報20210317,https://small-invest-big-winner.blogspot.com/2021/03/17Stockreport.html,small-invest-big-winner.blogspot.com
LED柴燒氣氛燈 安全不缺氧還會劈哩巴拉響,https://www.cool3c.com/article/160458,www.cool3c.com
《爐石戰記》全新資料片《貧瘠之地》將於臺灣時間 3 月 31 日正式推出！,https://www.upmedia.mg/news_info.php?SerialNo=108728,www.upmedia.mg
Intel 正式公佈第 11 代 Rocket Lake-S 處理器的建議售價與上市時間 - 電腦王阿達,https://www.kocpc.com.tw/archives/374459,www.kocpc.com.tw
"價值投資大師倒戈！Howard Marks: 2017理解不足就批比特幣，黃金也是無內在價值 | 動區動趨-最具影響力的區塊鏈媒體 (比特幣, 虛擬貨幣)",https://www.blocktempo.com/billionaire-investor-howard-marks-is-now-more-positive-on-bitcoin/,www.blocktempo.com
臺中「秋福飲食店」傳承美好記憶！在老宅食光空間來碗阿嬤古早味美食 | 大人物 - 94822,https://www.damanwoo.com/node/94822,www.damanwoo.com
看夕陽滑進海面！墾丁私藏月光老房　每房都有迷人面海露臺＋浴缸 | ETtoday旅遊雲 | ETtoday新聞雲,https://travel.ettoday.net/article/1939583.htm,travel.ettoday.net
鮮嫩火雞片飯＋爆漿半熟蛋！臺中超夯古早味　海藻魩仔湯一喝上癮 | ETtoday旅遊雲 | ETtoday新聞雲,https://travel.ettoday.net/article/1938375.htm,travel.ettoday.net
《動物森友會》春季更新4大重點！在島上找彩蛋過復活節、下載送「1週年紀念蛋糕」 | 動物森友會、ACNH、Animal Crossing、更新、愚人節 | 手機小姐 | 妞新聞 niusnews,https://www.niusnews.com/=P2dcz79s1,www.niusnews.com
換帖兄弟決裂！崔宇植接手樸敘俊女友「新戲搭擋金多美」上演分手重逢戀曲！ | 崔宇植、樸敘俊、泡澡LINE、金多美、電視劇 | 爆米花小姐 | 妞新聞 niusnews,https://www.niusnews.com/=P1xr9yc79,www.niusnews.com
2021 James Dyson 設計大獎開放報名，最高獎金 3 萬英鎊 - 電腦王阿達,https://www.kocpc.com.tw/archives/374440,www.kocpc.com.tw
第9屆「伊林璀璨之星」 總決賽，安妮霸氣泳裝秀開場！183公分女大生練以婷勇奪總冠軍！ | Vogue Taiwan,https://www.vogue.com.tw/lifestyle/article/2021-02-01-eelinstar,www.vogue.com.tw
洗米水的六大妙用！ – 媽媽經｜專屬於媽媽的網站,https://mamaclub.com/learn/%e5%ae%b6%e5%ba%ad%e4%b8%bb%e5%a9%a6%e5%bf%85%e7%9c%8b%ef%bc%81%e6%b4%97%e7%b1%b3%e6%b0%b4%e5%a6%99%e7%94%a8%e5%a4%9a%ef%bc%81/,mamaclub.com
滿滿範例！不論折線、圓餅或長條圖，矽谷簡報女王教你一秒呈現「數據重點」－商周讀書會｜商周,https://www.businessweekly.com.tw/careers/blog/3005858,www.businessweekly.com.tw
KAKAO FRIENDS「桃子烤麵包機」粉嫩開啟少女心！屁桃造型時間鈕太可愛 | KAKAO FRIENDS、Ryan、Apeach、萊恩、桃子 | 生活發現 | 妞新聞 niusnews,https://www.niusnews.com/=P1a3llb40,www.niusnews.com
帛琉旅遊泡泡正式啟動！五大防疫規範與相關規範 - MOOK景點家,https://www.mook.com.tw/article.php?op=articleinfo&articleid=25955,www.mook.com.tw
《農情蜜意》獨守空閨的農村婦女，差點慘遭鄰居侵犯？ | manfashion這樣變型男,https://mf.techbang.com/posts/13369-rural-women-who-are-alone-in-farm-love-are-almost-violated-by-their-neighbors,mf.techbang.com
以尼龍紗為核心原料的工業地毯公司卻帶頭做環保？「上游思維」有什麼好處？－非讀BOOK｜商周,https://www.businessweekly.com.tw/careers/blog/3005861,www.businessweekly.com.tw
【專文】老中老外心掛礙     | 民報 Taiwan People News,https://www.peoplenews.tw/news/87ac3122-4040-4946-8a47-ff2d4349b2aa,www.peoplenews.tw
Taylor Swift 為前任 Harry Styles 鼓掌：感謝你愛過的人，他們都是你的投射 ‧ A Day Magazine,https://www.adaymag.com/2021/03/17/taylor-swift-and-harry-styles-spoke-to-each-other-at-the.html,www.adaymag.com
Xbox 市場行銷主管暗示 Project xCloud 串流遊戲服務將轉為正式版本 並對應 PC、瀏覽器網頁版 #Windows PC (160451) - 癮科技 Cool3c,https://www.cool3c.com/article/160451,www.cool3c.com
前 Google Stadia 遊戲工作室負責人 Jade Raymond 成立全新遊戲工作室 將打造 PS 平臺遊戲 (160452) - 癮科技 Cool3c,https://www.cool3c.com/article/160452,www.cool3c.com
「下次用LINE TAXI叫車時 關注一下司機大哥吧！」 畢竟你來到的是 #每個人都有影響力 的時代！ | Vogue Taiwan,https://www.vogue.com.tw/lifestyle/article/line-taxi-sia,www.vogue.com.tw
「飛向宇宙、浩瀚無垠！」機場地勤最暖心的救援任務：讓巴斯光年回到兩歲小主人身邊-風傳媒,https://www.storm.mg/article/3544270?page=1,www.storm.mg
"電音之王效應｜馬斯克「加密迷因 NFT」推特文 ，出價來到 112 萬美元 | 動區動趨-最具影響力的區塊鏈媒體 (比特幣, 虛擬貨幣)",https://www.blocktempo.com/bids-for-elon-musks-crypto-themed-nft-pass-1m/,www.blocktempo.com
客服的首要目標：讓顧客不用打電話來！「專業分工」怎麼讓你掉入各忙各的陷阱？－非讀BOOK｜商周,https://www.businessweekly.com.tw/careers/blog/3005860,www.businessweekly.com.tw
螢火蟲點亮奧萬大　南投林管處邀民眾4／26起訪林中精靈 | ETtoday旅遊雲 | ETtoday新聞雲,https://travel.ettoday.net/article/1939981.htm,travel.ettoday.net
悶了一年，可以出國了！帛琉4/1首航，返臺免14天隔離...這3類人無法參加－中央社｜商周,https://www.businessweekly.com.tw/focus/blog/3005868,www.businessweekly.com.tw
【歐洲之聲】中共把手伸向德國童書 | 民報 Taiwan People News,https://www.peoplenews.tw/news/e1bc4331-bea5-4538-885c-c72973291cc8,www.peoplenews.tw
冥想也可以開公司？創辦人：期待人們透過冥想專注當下，進而找到快樂｜女人迷 Womany,https://womany.net/read/article/26691,womany.net
十分鐘知天下 2021/3/17 | 民報 Taiwan People News,https://www.peoplenews.tw/news/de171d50-937b-4cd3-aec1-9fecf0340b07,www.peoplenews.tw
日本 LINE AI 相關功能委外開發爆資安疑慮，中國承包商可存取用戶資訊 (160455) - 癮科技 Cool3c,https://www.cool3c.com/article/160455,www.cool3c.com
越貼越破的紙箱膠帶！日本發明王MONYA全新惡搞創意雜貨「怎麼貼都破損」 | 大人物 - 94833,https://www.damanwoo.com/node/94833,www.damanwoo.com
尹汝貞入圍女配角：打破奧斯卡紀錄的年度神片《夢想之地》，究竟有什麼魔力？ ‧ A Day Magazine,https://www.adaymag.com/2021/03/17/minari-2021-oscars-nominations.html,www.adaymag.com
Gogoro 月租費「遞延抵扣」優惠 6 月推出！預告高用量自由省新方案準備中 - 電腦王阿達,https://www.kocpc.com.tw/archives/374431,www.kocpc.com.tw
【民意論壇】由北京「沙塵暴」空污談起 | 民報 Taiwan People News,https://www.peoplenews.tw/news/1804ab9c-9bbb-48d5-9866-7d682b2c94e6,www.peoplenews.tw
不可不慎！5大電影「心機女」盤點，纏上《控制》神奇艾咪人生變黑白 | 電影、控制、電影、心機女、老孃演很大 | 爆米花小姐 | 妞新聞 niusnews,https://www.niusnews.com/=P1rbdcrb8,www.niusnews.com
北捷25週年中衛聯名口罩！6款設計免費兌換 - MOOK景點家,https://www.mook.com.tw/article.php?op=articleinfo&articleid=25954,www.mook.com.tw
這是什麼怪力？國外 PS5 苦主的小屁孩把 HDMI 接孔給插爆 - 電腦王阿達,https://www.kocpc.com.tw/archives/374435,www.kocpc.com.tw
"NVIDIA 入門 Ampere 規格曝光，採 GA107 的 RTX 3050 Ti 、 RTX 3050 分別具備 2,560 與 2,048 個 CUDA Core #光線追蹤 (160453) - 癮科技 Cool3c",https://www.cool3c.com/article/160453,www.cool3c.com
《甄嬛》前傳《德妃傳》劇本完成！「太后宮鬥戲」據傳李冰冰、趙麗穎出演 | 後宮甄嬛傳、甄嬛傳、甄嬛、流瀲紫、烏雅氏 | 爆米花小姐 | 妞新聞 niusnews,https://www.niusnews.com/=P1boccz77,www.niusnews.com
馬偕醫師遭控性侵，受害者自述：縱使有再多酸言酸語，我都要勇敢站出來｜性別力 Gender Power,https://womany.net/read/article/26690,womany.net
只要40元超佛心！嘉義季節限定「隱藏版烤玉米」　口感Q彈太欠吃 | ETtoday旅遊雲 | ETtoday新聞雲,https://travel.ettoday.net/article/1938822.htm,travel.ettoday.net
日本美女鐵騎士真身竟是 50 歲大叔【有片睇】FaceApp改「照騙」成Twitter紅人 - 香港 unwire.hk,https://unwire.hk/2021/03/17/1028130twiiterjapanfake/fun-tech/,unwire.hk
2021年新購電動機車各縣市補助金額懶人包 工業局最高補助7000元 #輕型 (160448) - 癮科技 Cool3c,https://www.cool3c.com/article/160448,www.cool3c.com
SJ希澈瞳孔地震！重回15年前長髮美少年「表情管理卻破功」，爆笑特寫被瘋傳 | SJ、Super Junior、希澈、Super Junior回歸、Super Junior新歌 | 名人娛樂 | 妞新聞 niusnews,https://www.niusnews.com/=P1bocdrd7,www.niusnews.com
療癒厭世定格動畫！瑞典動畫導演Anna Mantzaris用羊毛氈玩偶呈現崩潰日常 | 大人物 - 94832,https://www.damanwoo.com/node/94832,www.damanwoo.com
高通尚未發表的準旗艦平臺 Snapdragon 775 可能還有另一身分：化身 SC7295 做為 Snapdragon 7C 入門 Windows 10 筆電後繼產品 #Windows 10 on Snapdragon (160447) - 癮科技 Cool3c,https://www.cool3c.com/article/160447,www.cool3c.com
"橋水基金達裏歐：債券已死、重稅將至！非債務非美元資產是解方 | 動區動趨-最具影響力的區塊鏈媒體 (比特幣, 虛擬貨幣)",https://www.blocktempo.com/ray-dalio-bond-is-useless-heavy-taxes-are-comming-cryptocurrency-is-an-obvious-solution/,www.blocktempo.com
「誰還衝免稅店？母親節預購會+首四日划算太多了！」KIEHL’S鐵粉不求代購免稅店的5大私藏原因，原來這樣買省更多！ | Vogue Taiwan,https://www.vogue.com.tw/beauty/article/kiehls-2021-母親節,www.vogue.com.tw
"SAINT LAURENT最新MAILLON鎖鏈包一口氣推出8款百搭色，一款默默散發低調高級感的復古方包, YS新包 2021, YSL 包包推薦 | Vogue Taiwan",https://www.vogue.com.tw/fashion/article/saint-laurent-maillon,www.vogue.com.tw
全臺最大紫藤花園！最後欣賞機會要把握 - MOOK景點家,https://www.mook.com.tw/article.php?op=articleinfo&articleid=25953,www.mook.com.tw
人氣短耳貓Hosico圓臉+大眼睛巨萌！SpaceX為牠準備專屬太空船飛向宇宙？ | 寵物、貓、貓奴、鏟屎官、短耳貓 | 生活發現 | 妞新聞 niusnews,https://www.niusnews.com/=P1mlbbdx4,www.niusnews.com
Crabtree & Evelyn × 九龍香格裏拉酒店英式下午茶，親身感受各種皇牌香氣的感官盛宴 ‧ A Day Magazine,https://www.adaymag.com/2021/03/17/crabtree-evelyn-shangri-la-hk.html,www.adaymag.com
看圖測驗：選一隻柴犬，找到你在朋友心中特別重要的原因 ‧ A Day Magazine,https://www.adaymag.com/2021/03/17/pick-a-cute-shiba-inu-friendship-test.html,www.adaymag.com
東京「Burnside」黑色咖啡餐酒館！結合花藝、美食與沉浸體驗的風格空間  | 大人物 - 94777,https://www.damanwoo.com/node/94777,www.damanwoo.com
Line外包的中國工程師偷窺日本用戶的電話、聊天內容、帳戶名稱 | 信傳媒,https://www.cmmedia.com.tw/home/articles/26357,www.cmmedia.com.tw
鮭魚男大生是他！一早改名11點準時衝壽司郎　2天4餐吃爆 | ETtoday旅遊雲 | ETtoday新聞雲,https://travel.ettoday.net/article/1940080.htm,travel.ettoday.net
房裡有顆樹！苗栗超忘憂玻璃民宿　獨享整片樟木林＋私人泡湯池 | ETtoday旅遊雲 | ETtoday新聞雲,https://travel.ettoday.net/article/1939608.htm,travel.ettoday.net
獨享天海一線無敵空景！墾丁最美沙灘酒吧　賞漸層藍海超忘憂 | ETtoday旅遊雲 | ETtoday新聞雲,https://travel.ettoday.net/article/1939562.htm,travel.ettoday.net
酸香辣太銷魂！臺南人氣陝西料理　褲帶寬麵嚼勁十足、必點大盤雞 | ETtoday旅遊雲 | ETtoday新聞雲,https://travel.ettoday.net/article/1937519.htm,travel.ettoday.net
臺股屢創紀錄，還能進場嗎？半導體護國神山羣仍強，第2季將由汽車類股接棒演出！-Smart月刊-股票-商周財富網,https://wealth.businessweekly.com.tw/GArticle.aspx?id=ARTL006000742,wealth.businessweekly.com.tw
四肢浮腫怎麼辦？促進血液循環，你可以這麼做！｜女人迷 Womany,https://womany.net/read/article/26673,womany.net
NEST Hub更新 移除視訊鏡頭 加入 Soli 雷達技術 並強化睡眠品質紀錄功能 #Google (160438) - 癮科技 Cool3c,https://www.cool3c.com/article/160438,www.cool3c.com
導入OKR，需要線上軟體系統嗎？英特爾的做法是...－王怡淳（Chris）專欄｜商周,https://www.businessweekly.com.tw/management/blog/3005867,www.businessweekly.com.tw
美日「2+2」會談強調臺海和平穩定重要性 | 民報 Taiwan People News,https://www.peoplenews.tw/news/65f3f4a8-de9e-4856-a809-77d95153c14b,www.peoplenews.tw
「多花半個小時，打扮自己」：日子無聊喪失目標時，做這 17 件事能有效提振氣勢 ‧ A Day Magazine,https://www.adaymag.com/2021/03/17/simple-small-things-to-reenergize-your-life.html,www.adaymag.com
臺北市長選戰要派奇兵？高嘉瑜建議蔡總統：王牌陳時中其次王世堅 | 信傳媒,https://www.cmmedia.com.tw/home/articles/26356,www.cmmedia.com.tw
「中共要打多久..我們奉陪多久！」新任防長邱國正強調政策延續性與意志力 | 信傳媒,https://www.cmmedia.com.tw/home/articles/26353,www.cmmedia.com.tw
"eToro要IPO！將以 SPAC 在納斯達克上市，估值逾百億，合併公司股價大漲40% | 動區動趨-最具影響力的區塊鏈媒體 (比特幣, 虛擬貨幣)",https://www.blocktempo.com/etoro-to-go-public-via-merger-with-spac-combined-firm-to-have-10-4b-value/,www.blocktempo.com
別收到早安就淪陷，從這 6 種訊息看出他是「喜歡你」還是在「玩你」 ‧ A Day Magazine,https://www.adaymag.com/2021/03/17/is-he-flirting-with-you-via-text-messages-friendly.html,www.adaymag.com
下個旅遊泡泡出現了！關島宣佈：入境免隔離　最快5月實施 | ETtoday旅遊雲 | ETtoday新聞雲,https://travel.ettoday.net/article/1940020.htm,travel.ettoday.net
《虹彩六號：圍攻行動》特勤幹員版UBI官網1元 - 電腦王阿達,https://www.kocpc.com.tw/archives/374410,www.kocpc.com.tw
消費積分換黃金投資　初創建生態圈降入場門檻 - UNWIRE.PRO,https://unwire.pro/2021/03/17/tiips/startups/,unwire.pro
高通完成收購晶片設計公司 NUVIA 明年推出其技術打造的筆電運算平臺 #qualcomm (160437) - 癮科技 Cool3c,https://www.cool3c.com/article/160437,www.cool3c.com
【專文】各界對雙首長制、內閣制的看法與建議(上) | 民報 Taiwan People News,https://www.peoplenews.tw/news/2c6c4add-8ac6-46d8-864f-5b93268f84ee,www.peoplenews.tw
iQOO Neo 5 發表 搭載高通 S870處理器 還提供防偷拍相機檢查功能 #Snapdragon 870 (160440) - 癮科技 Cool3c,https://www.cool3c.com/article/160440,www.cool3c.com
彩色海芋變身海底世界！5.9公頃花海搶先看 - MOOK景點家,https://www.mook.com.tw/article.php?op=articleinfo&articleid=25952,www.mook.com.tw
《無名弒》 鮑勃奧登科克以成龍為目標，受訓2年從喜劇編劇變人間兇器 | Vogue Taiwan,https://www.vogue.com.tw/entertainment/article/bob-odenkirk-nobody-training,www.vogue.com.tw
旅遊泡泡帛琉擬四月首發團！另加一國關島可望成行 - MOOK景點家,https://www.mook.com.tw/article.php?op=articleinfo&articleid=25951,www.mook.com.tw
臺灣這局沒缺席 美對北京擺姿態－聯合新聞網｜商周,https://www.businessweekly.com.tw/international/blog/3005866,www.businessweekly.com.tw
【實試】 Galaxy Tab S7 | S7+ 5G　隨時工作+打機+睇戲 - 香港 unwire.hk,https://unwire.hk/?p=1026998,unwire.hk
全球首發！「7-ELEVEN X 哈根達斯」冰沙雙口味，「莓好拿鐵、果仁咖啡」每一口都吃得到果粒和果仁 | Vogue Taiwan,https://www.vogue.com.tw/lifestyle/article/711-哈根達斯-冰沙,www.vogue.com.tw
你的咖啡加燕麥奶嗎？OATLY 用包裝做最好的行銷｜女人迷 Womany,https://womany.net/read/article/26689,womany.net
越基層員工，抱怨越多⋯公司士氣的向下沈淪，可能是「主管們」出了問題－郭憲誌專欄｜商周,https://www.businessweekly.com.tw/management/blog/3005865,www.businessweekly.com.tw
做內容又不是做手機，「字節跳動」也要做晶片？軟體巨頭跨界造芯，2大原因－網民肥皁箱｜商周,https://www.businessweekly.com.tw/business/blog/3005864,www.businessweekly.com.tw
7-11×哈根達斯聯名冰沙全球首發！「莓好拿鐵冰沙、果仁咖啡冰沙」只有臺灣喝得到 | 7-11、統一超商、哈根德斯、Häagen-Dazs、莓好拿鐵冰沙 | 愛玩妞 | 妞新聞 niusnews,https://www.niusnews.com/=P1nmrxob5,www.niusnews.com
一次淘汰80%求職者！想進大公司必看：團體面試的步驟、角色、題型－網民肥皁箱｜商周,https://www.businessweekly.com.tw/careers/blog/3005863,www.businessweekly.com.tw
12月出售子公司股權給董事長卻到今年2月才公告..中福股價大漲背後的4個疑點 | 信傳媒,https://www.cmmedia.com.tw/home/articles/26350,www.cmmedia.com.tw
股價兩年飆6倍比臺積電還厲害 中福國際到底在漲什麼？ | 信傳媒,https://www.cmmedia.com.tw/home/articles/26334,www.cmmedia.com.tw
Lenovo 多款 ThinkPad 新機在臺推出，包括 1 公斤內的 X1 Nano 、可折疊筆電 X1 Fold 與 X1 Titanium Yoga 陸續推出 #筆記型電腦 (160446) - 癮科技 Cool3c,https://www.cool3c.com/article/160446,www.cool3c.com
歡迎鮭魚先生、小姐！為了免費吃衝戶政改名　壽司郎總經理回應了 | ETtoday旅遊雲 | ETtoday新聞雲,https://travel.ettoday.net/article/1939934.htm,travel.ettoday.net
印尼炒麵、巷口乾麵都上榜！網最愛「乾泡麵TOP10」　冠軍得主是它 | ETtoday旅遊雲 | ETtoday新聞雲,https://travel.ettoday.net/article/1938551.htm,travel.ettoday.net
量販店和賣場 撐起南臺灣店面房價－中時新聞網｜商周,https://www.businessweekly.com.tw/business/blog/3005862,www.businessweekly.com.tw
美日聯手抗中，力挺臺海和平！共同譴責中國擴張行徑，日媒警告「菅義偉政府已處在十字路口」-風傳媒,https://www.storm.mg/article/3543647?page=1,www.storm.mg
美日力挺臺海和平！美國務卿與防長首次出訪，與日方一同批評「中國違反國際秩序」-風傳媒,https://www.storm.mg/article/3543647,www.storm.mg
年輕人也愛存金融股？每百人就有8人持有..第一名是這檔年年配股配息的「金融股」－網民肥皁箱｜商周,https://www.businessweekly.com.tw/business/blog/3005859,www.businessweekly.com.tw
【民意論壇】拜登入主白宮，美國民主已死？         | 民報 Taiwan People News,https://www.peoplenews.tw/news/ae5935b3-2afd-4204-97ef-9e8c39e50ffb,www.peoplenews.tw
"反對比爾蓋茲論調｜中國礦企發聲：比特幣可能是最環保的金融網路之一 | 動區動趨-最具影響力的區塊鏈媒體 (比特幣, 虛擬貨幣)",https://www.blocktempo.com/btc-miner-explained-that-bitcoin-is-one-of-the-most-environment-friendly-financial-networks/,www.blocktempo.com
母胎胖韓妞甩22KG成IG女神！5大「私房鏟肉神招」公開，爆食後得餓18小時 | 韓IG女神、韓妞減肥、韓妞瘦身、飲食管理、減肥餐食譜 | 剁手指小姐 | 妞新聞 niusnews,https://www.niusnews.com/=P2e6uepj8,www.niusnews.com
大片紫藤花海綻放！石槕山林花棚春日必賞 - MOOK景點家,https://www.mook.com.tw/article.php?op=articleinfo&articleid=25950,www.mook.com.tw
小腹有救了！讓肚子瘦到凹的後仰伸展，把外凸的內臟縮回去 |早安健康,https://www.edh.tw/article/26687,www.edh.tw
連高通便當機也只有 73 萬分，安兔兔公告將疑似作弊拿到 77 萬分的 Realme GT 成績下架三個月 #Snapdragon 888 (160445) - 癮科技 Cool3c,https://www.cool3c.com/article/160445,www.cool3c.com
發電廠邁向多元化 花蓮設立第一座動物糞尿沼氣發電設施 #生質能源 (160444) - 癮科技 Cool3c,https://www.cool3c.com/article/160444,www.cool3c.com
全球首座「計程車博物館」！精選宜蘭雨天夯點　還有超萌珍珠樂園 | ETtoday旅遊雲 | ETtoday新聞雲,https://travel.ettoday.net/article/1934082.htm,travel.ettoday.net
價錢有誤？《虹彩六號：圍攻行動》價值近兩千的特勤幹員版 目前特價一元？,https://www.upmedia.mg/news_info.php?SerialNo=108705,www.upmedia.mg
【臺語世界／錄音】「Chhiâ擊」Ê人生思維         | 民報 Taiwan People News,https://www.peoplenews.tw/news/3b9d4726-b249-4127-8a2c-1a8f6ee99c0a,www.peoplenews.tw
Google Nest Hub 2 代智慧顯示器正式推出，加入 Soli 雷達睡眠追蹤機能 - 電腦王阿達,https://www.kocpc.com.tw/archives/374390,www.kocpc.com.tw
Nokia求生存 目標2023年前裁員一萬人 #Nokia 5G (160443) - 癮科技 Cool3c,https://www.cool3c.com/article/160443,www.cool3c.com
宜蘭綠色博覽會登場！對身分證7天門票100元 - MOOK景點家,https://www.mook.com.tw/article.php?op=articleinfo&articleid=25949,www.mook.com.tw
百度獲批經營自動化的士  率先於河北省推出收費服務 - 香港 unwire.hk,https://unwire.hk/?p=1028158,unwire.hk
拜登上臺後的臺灣》美中貿易戰未歇 臺商除了賺錢也得搞懂地緣政治 | 信傳媒,https://www.cmmedia.com.tw/home/articles/26331,www.cmmedia.com.tw
【專欄】寧信中共，不信國際？ | 民報 Taiwan People News,https://www.peoplenews.tw/news/22b9cf56-8164-40b5-891a-57de2b1a66b5,www.peoplenews.tw
呼叫牡羊「同年月日生壽星」免費住臺南五星！身分證中任4碼打85折 | ETtoday旅遊雲 | ETtoday新聞雲,https://travel.ettoday.net/article/1939882.htm,travel.ettoday.net
跟上鮭魚之亂！臺南市長搭熱潮推銷蝨目魚　黃偉哲：最好吃的魚 | ETtoday旅遊雲 | ETtoday新聞雲,https://travel.ettoday.net/article/1939844.htm,travel.ettoday.net
把峇裏島搬進來！信義最強雞翅開新店　網友激推鬆露薯條太欠吃 | ETtoday旅遊雲 | ETtoday新聞雲,https://travel.ettoday.net/article/1939211.htm,travel.ettoday.net
戀愛滋味！宜蘭超夯文青咖啡廳　下午茶必點草莓牛奶＋雞蛋糕 | ETtoday旅遊雲 | ETtoday新聞雲,https://travel.ettoday.net/article/1937455.htm,travel.ettoday.net
"Chrome 最新 ""加到閱讀清單"" 功能，這篇教你怎麼使用、關閉 - 電腦王阿達",https://www.kocpc.com.tw/archives/374398,www.kocpc.com.tw
巴拉圭挪1300萬美元臺灣援助款買AZ疫苗　外交部：非轉讓配額,https://www.upmedia.mg/news_info.php?SerialNo=108677,www.upmedia.mg
1份報告毀紅色供應鏈？立訊5天崩2成 12萬散戶套牢－中時新聞網｜商周,https://www.businessweekly.com.tw/business/blog/3005857,www.businessweekly.com.tw
日產 Leaf 電動車廢棄電池  將於汽車工廠循環再用 - 香港 unwire.hk,https://unwire.hk/?p=1028154,unwire.hk
《彩虹六號：圍攻行動》工讀生價只要新臺幣一元！ #UBISOFT (160441) - 癮科技 Cool3c,https://www.cool3c.com/article/160441,www.cool3c.com
V生命靈數／生命靈數九宮格「789連線」特質 | Vogue Taiwan,https://www.vogue.com.tw/lifestyle/article/生命靈數-789,www.vogue.com.tw
一圖看懂 Audio-Technica 真無線耳機：ATH-CKR70TW 主動降噪、靜享美聲 #藍牙耳機 (160424) - 癮科技 Cool3c,https://www.cool3c.com/article/160424,www.cool3c.com
『痣命危機』妙齡女愛美除痣　意外揪惡性黑色素瘤 - uho優活健康網,http://www.uho.com.tw/hotnews.asp?aid=52556,www.uho.com.tw
Intel 第 11 代 Core 處理器發佈　Rocket Lake-S i5 i7 i9 詳細規格 - 香港 unwire.hk,https://unwire.hk/?p=1028131,unwire.hk
美日2+2會談譴責中國行動違背現存國際秩序 | 民報 Taiwan People News,https://www.peoplenews.tw/news/f2a35317-1be7-4a88-a29c-04ac3082ce79,www.peoplenews.tw
記性差、性格變、容易受騙！失智症警訊愛注意，醫師圖文解說,https://mamaclub.com/learn/%e8%a8%98%e6%80%a7%e5%b7%ae%e3%80%81%e6%80%a7%e6%a0%bc%e8%ae%8a%e3%80%81%e5%ae%b9%e6%98%93%e5%8f%97%e9%a8%99%ef%bc%81%e5%a4%b1%e6%99%ba%e7%97%87%e8%ad%a6%e8%a8%8a%e6%84%9b%e6%b3%a8%e6%84%8f%ef%bc%8c/,mamaclub.com
玩家開發修正檔獲採納  GTA Online 載入時間快七成 - 香港 unwire.hk,https://unwire.hk/?p=1028155,unwire.hk
全球獨家《哈利波特：神祕的魔法石》電影交響音樂會！北中南開跑，一起重返魔法世界 | 哈利波特：神祕的魔法石、電影交響音樂會、霍格華茲、哈利波特、榮恩 | 愛玩妞 | 妞新聞 niusnews,https://www.niusnews.com/=P2e6ui668,www.niusnews.com
【嚴禁交替打】新冠+流感疫苗接種恐強碰　衛福部擬採「每日預約制」,https://www.upmedia.mg/news_info.php?SerialNo=108634,www.upmedia.mg
POCO 將於 3/22 舉行新機發表會：POCO F3 旗艦新機通過 NCC 認證， POCO X3 Pro 官方渲染圖提前流出！ - 電腦王阿達,https://www.kocpc.com.tw/archives/374336,www.kocpc.com.tw
[屏東景點] ~ 哈尤溪七彩巖壁！絕美雲豹之湯！峽谷猶如上帝遺落人間的畫布！ - SayDigi | 點子生活,https://www.saydigi.com/2021/03/521394.html,www.saydigi.com
第二代 Snapdragon 7c 處理器  將應用於 Chromebook、Windows 10 筆電 - 香港 unwire.hk,https://unwire.hk/?p=1028156,unwire.hk
"NFL球星瘋NFT／Gronk超級盃卡牌狂掃160萬鎂；MVP""馬霍姆斯博物館""將開賣 | 動區動趨-最具影響力的區塊鏈媒體 (比特幣, 虛擬貨幣)",https://www.blocktempo.com/nfl-nft-rob-gronkowski-superbowl-champions-and-mahomes-museum/,www.blocktempo.com
媳婦千萬不能對婆婆說的三句地雷 – 媽媽經｜專屬於媽媽的網站,https://mamaclub.com/learn/%e5%aa%b3%e5%a9%a6%e5%8d%83%e8%90%ac%e4%b8%8d%e8%83%bd%e5%b0%8d%e5%a9%86%e5%a9%86%e8%aa%aa%e7%9a%84%e4%b8%89%e5%8f%a5%e5%9c%b0%e9%9b%b7/,mamaclub.com
【韓國首爾-弘大美食】宋家 馬鈴薯豬骨湯송가네감자탕 본점司機食堂 . 一個人也能點餐 ~ - SayDigi | 點子生活,https://www.saydigi.com/2021/03/521326.html,www.saydigi.com
風靡日韓上班族的綠花椰菜營養素好在哪裡？營養師：隨身攜帶好處多 |早安健康,https://www.edh.tw/article/26735,www.edh.tw
晚餐不吃會越減越肥、高血糖！減肥時期的晚餐指南有4招 |早安健康,https://www.edh.tw/article/26674,www.edh.tw
從宋仲基《黑道律師文森佐》看「西裝穿搭」細節，襯衫領子一定要這款！ | manfashion這樣變型男,https://mf.techbang.com/posts/13350-from-mafia-lawyer-vincenzo-to-see-the-mafia-suit-culture-shirt-collar-to-this-fedora-gentlemans-hat-only-designated,mf.techbang.com
學會推認證「體重管理門診」　減肥再也不是你自己的事！ - uho優活健康網,http://www.uho.com.tw/hotnews.asp?aid=52557,www.uho.com.tw
停損的藝術,https://small-invest-big-winner.blogspot.com/2021/03/StopLoss.html,small-invest-big-winner.blogspot.com
科技巨獸暫時低頭 臉書與澳洲梅鐸新聞集團達成付費協議 | 信傳媒,https://www.cmmedia.com.tw/home/articles/26345,www.cmmedia.com.tw
劇團團長41歲「高膽固醇血癥」猝逝》臺大心臟名醫：控制「3指數」預防 | 信傳媒,https://www.cmmedia.com.tw/home/articles/26340,www.cmmedia.com.tw
【商用英文】『銷售額』英文怎麼說？ #公司 (158967) - 癮科技 Cool3c,https://www.cool3c.com/article/158967,www.cool3c.com
【英雄聯盟】03/16 PBE 測試服改動：「太空律動」全新系列造型！,https://www.upmedia.mg/news_info.php?SerialNo=108686,www.upmedia.mg
著名分析師改口風  AirPods 3 不會在春季發佈會現身 - 香港 unwire.hk,https://unwire.hk/2021/03/17/airpods-3-release-date-tip-pushed-back-to-q3/mobile-music/headphones/,unwire.hk
【湖人 對 灰狼】NBA直播Live線上看，03/17 美國職籃線上轉播 - 蘋果仁 - iPhone/iOS/好物推薦科技媒體,https://applealmond.com/posts/91989,applealmond.com
走進將軍的氣派豪宅！高雄免門票復古景點　還能免費穿旗袍、制服 | ETtoday旅遊雲 | ETtoday新聞雲,https://travel.ettoday.net/article/1937641.htm,travel.ettoday.net
不愛喝奶又挑食，需要幫寶寶補鈣和維生素D嗎？ – 媽媽經｜專屬於媽媽的網站,https://mamaclub.com/learn/%e4%b8%8d%e6%84%9b%e5%96%9d%e5%a5%b6%e5%8f%88%e6%8c%91%e9%a3%9f%ef%bc%8c%e9%9c%80%e8%a6%81%e5%b9%ab%e5%af%b6%e5%af%b6%e8%a3%9c%e9%88%a3%e5%92%8c%e7%b6%ad%e7%94%9f%e7%b4%a0d%e5%97%8e%ef%bc%9f/,mamaclub.com
陪寫作業氣到崩潰內傷！如何陪寫作業才正確？ – 媽媽經｜專屬於媽媽的網站,https://mamaclub.com/learn/%e9%99%aa%e5%af%ab%e4%bd%9c%e6%a5%ad%e6%b0%a3%e5%88%b0%e5%b4%a9%e6%bd%b0%e5%85%a7%e5%82%b7%ef%bc%81%e5%a6%82%e4%bd%95%e9%99%aa%e5%af%ab%e4%bd%9c%e6%a5%ad%e6%89%8d%e6%ad%a3%e7%a2%ba%ef%bc%9f/,mamaclub.com
孩子對學習沒興趣？善用「葉杜二氏法則」激勵孩子內驅力,https://mamaclub.com/learn/%e5%ad%a9%e5%ad%90%e5%b0%8d%e5%ad%b8%e7%bf%92%e6%b2%92%e8%88%88%e8%b6%a3%ef%bc%9f%e5%96%84%e7%94%a8%e3%80%8c%e8%91%89%e6%9d%9c%e4%ba%8c%e6%b0%8f%e6%b3%95%e5%89%87%e3%80%8d%e6%bf%80%e5%8b%b5%e5%ad%a9/,mamaclub.com
跑步後膝蓋好痛！治療師3招提升髖關節穩定度改善跑者膝 |早安健康,https://www.edh.tw/article/26710,www.edh.tw
孩子為什麼不懂心疼你？大部分父母忽視的真相 – 媽媽經｜專屬於媽媽的網站,https://mamaclub.com/learn/%e5%ad%a9%e5%ad%90%e7%82%ba%e4%bb%80%e9%ba%bc%e4%b8%8d%e6%87%82%e5%bf%83%e7%96%bc%e4%bd%a0%ef%bc%9f%e5%a4%a7%e9%83%a8%e5%88%86%e7%88%b6%e6%af%8d%e5%bf%bd%e8%a6%96%e7%9a%84%e7%9c%9f%e7%9b%b8/,mamaclub.com
成為媽媽，讓我同時感受到自己的渺小與偉大 – 媽媽經｜專屬於媽媽的網站,https://mamaclub.com/learn/%e6%88%90%e7%82%ba%e5%aa%bd%e5%aa%bd%ef%bc%8c%e8%ae%93%e6%88%91%e5%90%8c%e6%99%82%e6%84%9f%e5%8f%97%e5%88%b0%e8%87%aa%e5%b7%b1%e7%9a%84%e6%b8%ba%e5%b0%8f%e8%88%87%e5%81%89%e5%a4%a7/,mamaclub.com
2021迎通膨，投資該何去何從？-觀點新聞-商周財富網,https://wealth.businessweekly.com.tw/GArticle.aspx?id=ARTL001000599,wealth.businessweekly.com.tw
ETF怎麼挑報酬率才會高？怪老子：投資ETF可以很簡單-Smart月刊-ETF-商周財富網,https://wealth.businessweekly.com.tw/GArticle.aspx?id=ARTL006000743,wealth.businessweekly.com.tw
臺積電除息，創辦人張忠謀估入袋3.12億元-觀點新聞-商周財富網,https://wealth.businessweekly.com.tw/GArticle.aspx?id=ARTL010062853,wealth.businessweekly.com.tw
房地合一稅2.0何時適用，財長：已有幾個方案，將由行政院訂定-觀點新聞-商周財富網,https://wealth.businessweekly.com.tw/GArticle.aspx?id=ARTL010062852,wealth.businessweekly.com.tw
影片》海運再度啟航！要創新高還是逃命波？-財富網編輯嚴選-臺股-商周財富網,https://wealth.businessweekly.com.tw/GArticle.aspx?id=ARTL003004513,wealth.businessweekly.com.tw
基金單週表現前10名單出爐》美股跌深反彈，小型股票基金報酬最高8.34%，表現耀眼！-moneybar-基金-商周財富網,https://wealth.businessweekly.com.tw/GArticle.aspx?id=ARTL003004511,wealth.businessweekly.com.tw
Wedgwood 2021春夏寢飾以亞麻、貝比紗羅織如雲般的輕盈膚觸亮相 | Wedgwood、 2021、春夏、亞麻 | 品牌新聞 | 妞新聞 niusnews,https://www.niusnews.com/=P1a3lmab0,www.niusnews.com
juliArt座落臺北大直！體驗上乘服務，趙孟姿現身一日店長分享髮肌養護美麗祕訣！ | juliArt、覺亞、落臺北大直、趙孟姿 | 品牌新聞 | 妞新聞 niusnews,https://www.niusnews.com/=P0w2h3wg5,www.niusnews.com
新款ZXFury來襲！融合adidas、Reebok演繹新經典！ | adidasOriginals、ZXFury、Reebok、ZX8000、InstapumpFury | 品牌新聞 | 妞新聞 niusnews,https://www.niusnews.com/=P0t8wkt82,www.niusnews.com
《錦心似玉》何泓姍演惡女使壞，戲裡戲外皆遭鍾漢良無視？ | 錦心似玉、何泓姍、鍾漢良、何泓姍 | 品牌新聞 | 妞新聞 niusnews,https://www.niusnews.com/=P0gka4g47,www.niusnews.com
UNIQLO捐贈20萬個AIRism口罩傳愛全臺22縣市！持續經營與在地共榮共好 | UNIQLO、AIRism、口罩、柳井正 | 品牌新聞 | 妞新聞 niusnews,https://www.niusnews.com/=P08f2wf31,www.niusnews.com
NIKE發佈2020財年《影響力報告》並首次公佈2025年目標！ | NIKE、影響力報告、2025、目標 | 品牌新聞 | 妞新聞 niusnews,https://www.niusnews.com/=P021gh2w4,www.niusnews.com
敲可愛！敲開Venchi復活節巧克力蛋，讓你的味蕾醒在春日！ | Venchi、復活節巧克力蛋、巧克力、復活節 | 品牌新聞 | 妞新聞 niusnews,https://www.niusnews.com/=P01tkg113,www.niusnews.com
日本Line個資外洩！用戶資料遭中國技術人員看光光-MoneyDJ 理財網-觀點新聞-商周財富網,https://wealth.businessweekly.com.tw/GArticle.aspx?id=ARTL010062842,wealth.businessweekly.com.tw
霍華馬克斯：不認同股市泡沫論，多數資產的價格依舊合理-MoneyDJ 理財網-觀點新聞-商周財富網,https://wealth.businessweekly.com.tw/GArticle.aspx?id=ARTL010062837,wealth.businessweekly.com.tw
比特幣暴漲破6萬美元！Q1加密貨幣基金吸金創史高-MoneyDJ 理財網-觀點新聞-商周財富網,https://wealth.businessweekly.com.tw/GArticle.aspx?id=ARTL010062819,wealth.businessweekly.com.tw
一位中國臺商返臺改當物流司機，「每天工作雖超過12小時，卻讓3個孩子能各有一間房…」-美股大贏家-致富故事-商周財富網,https://wealth.businessweekly.com.tw/GArticle.aspx?id=ARTL003004516,wealth.businessweekly.com.tw
害怕「選擇權大屠殺事件」再次重演？小資族的選擇權加薪術教你安心操作-財經好讀-股票-商周財富網,https://wealth.businessweekly.com.tw/GArticle.aspx?id=ARTL003004515,wealth.businessweekly.com.tw
「長孫沒得分，憑什麼外孫女能分！」繼承故事啟示：別把長輩的錢當自己的錢-房市神祕客-房地產-商周財富網,https://wealth.businessweekly.com.tw/GArticle.aspx?id=ARTL003004514,wealth.businessweekly.com.tw
再下經濟猛藥》前有1.9兆紓困案，拜登推基礎建設方案，包括哪些項目？－見智研究｜商周,https://www.businessweekly.com.tw/focus/blog/3005856,www.businessweekly.com.tw
【unwire TV】【專訪】自助捐贈舊物 APP 專訪 操作似網購平臺 - 香港 unwire.hk,https://unwire.hk/2021/03/16/unwire-tv-good-city/unwire_podcast/,unwire.hk
LET’S  GO！為夢想而戰！ACS校園聯賽夏季賽正式開賽！,http://www.upmedia.mg/news_info.php?SerialNo=108660,www.upmedia.mg
41歲演員心因性休克猝死！醫師點名3食物調控血膽固醇 |早安健康,https://www.edh.tw/article/26779,www.edh.tw
多吃半顆蛋死亡率高7％？兇手不是蛋黃！快看懂你一天能吃幾顆蛋 |早安健康,https://www.edh.tw/article/26730,www.edh.tw
慢性頭痛沒有好會傷腦！讓你耳鳴、暈眩、失眠的腦過敏症候羣 |早安健康,https://www.edh.tw/article/26724,www.edh.tw
心臟老得快，原來是少了這個營養元素！7大天然食物支援你 |早安健康,https://www.edh.tw/article/26499,www.edh.tw
【激鬥峽谷】2.1B 版本懶人包：調整中路英雄、偷塔機制　降低遠程配征服者傷害,http://www.upmedia.mg/news_info.php?SerialNo=108622,www.upmedia.mg
AZ疫苖是否準時開打　疾管署下午2點記者會說明,http://www.upmedia.mg/news_info.php?SerialNo=108616,www.upmedia.mg
曾詩敏：做一個「快樂的廢柴」 - *CUP,https://www.cup.com.hk/2021/03/17/tsangsm-slow-down/,www.cup.com.hk
NFT 熱潮，藝術市場出現鬥快標記遊戲？ - *CUP,https://www.cup.com.hk/2021/03/17/stealing-non-fungible-tokens-art/,www.cup.com.hk
真．南洋大學：被指受共產黨滲透的新加坡學府？ - *CUP,https://www.cup.com.hk/2021/03/17/singapore-nanyang-university/,www.cup.com.hk
救世軍：我在地上第二個家 - *CUP,https://www.cup.com.hk/2021/03/17/salvationarmy-my-another-home-corps-church/,www.cup.com.hk
歐洲第六代隱形戰機可能難產？ - *CUP,https://www.cup.com.hk/2021/03/17/france-and-germany-argue-over-europes-6th-generation-stealth-fighters/,www.cup.com.hk
離留 - *CUP,https://www.cup.com.hk/2021/03/17/faith-quote-2/,www.cup.com.hk
曲髮無罪：埃及青年的「自然捲」革命 - *CUP,https://www.cup.com.hk/2021/03/17/egypt-natural-curls-rebellion/,www.cup.com.hk
鄭立：魔眼殺機 —— 被自稱同路人的人欺騙是常態 - *CUP,https://www.cup.com.hk/2021/03/17/chenglap-eye-of-the-beholder/,www.cup.com.hk
非洲網絡要起飛，得先解決電力問題？ - *CUP,https://www.cup.com.hk/2021/03/17/africa-cabling-problems/,www.cup.com.hk
大學排名應考慮學術自由指數？ - *CUP,https://www.cup.com.hk/2021/03/17/academic-freedom/,www.cup.com.hk
曾詩敏：做一個「快樂的廢柴」 - *CUP,https://www.cup.com.hk/?p=206555,www.cup.com.hk
真．南洋大學：被指受共產黨滲透的新加坡學府？ - *CUP,https://www.cup.com.hk/?p=206549,www.cup.com.hk
NFT 熱潮，藝術市場出現鬥快標記遊戲？ - *CUP,https://www.cup.com.hk/?p=206538,www.cup.com.hk
鄭立：魔眼殺機 —— 被自稱同路人的人欺騙是常態 - *CUP,https://www.cup.com.hk/?p=206536,www.cup.com.hk
非洲網絡要起飛，得先解決電力問題？ - *CUP,https://www.cup.com.hk/?p=206530,www.cup.com.hk
歐洲第六代隱形戰機可能難產？ - *CUP,https://www.cup.com.hk/?p=206503,www.cup.com.hk
曲髮無罪：埃及青年的「自然捲」革命 - *CUP,https://www.cup.com.hk/?p=206448,www.cup.com.hk
大學排名應考慮學術自由指數？ - *CUP,https://www.cup.com.hk/?p=205769,www.cup.com.hk
2021 母親節 ALBION「乳液先行 滲透平衡」，幫肌膚停留在最光采時刻！ | 2021、 ALBION、母親節、肌膚、乳液 | 品牌新聞 | 妞新聞 niusnews,https://www.niusnews.com/=P1v4nol42,www.niusnews.com
著色生活我耀出彩 LACOSTE x Polaroid 限量系列繽紛登場！ |  LACOSTE、Polaroid、限量、衣服 | 品牌新聞 | 妞新聞 niusnews,https://www.niusnews.com/=P1rbd9xy8,www.niusnews.com
Netflix開春暖心雞湯《如蝶翩翩》，樸仁煥高齡76歲挑戰緊身舞衣好尷尬！ | Netflix、如蝶翩翩、樸仁煥、羅文姬 | 品牌新聞 | 妞新聞 niusnews,https://www.niusnews.com/=P1lvobml3,www.niusnews.com
新『綠色保養』時代來臨！Milani202森系女神植萃系列，給肌膚Superfood！ | 綠色保養、Milani、直萃、保養 | 品牌新聞 | 妞新聞 niusnews,https://www.niusnews.com/=P14amn4x1,www.niusnews.com
INF 21AW Time Machine 臺北時裝週動態秀發表，以服裝詮釋時代的變遷 | 時光機、臺北時裝週、服裝、時代的變遷 | 品牌新聞 | 妞新聞 niusnews,https://www.niusnews.com/=P0kw3ak36,www.niusnews.com
HANDS臺隆居家巧思換新裝，輕鬆換季綻春意！ | HANDS、臺隆、居家、傢俱 | 品牌新聞 | 妞新聞 niusnews,https://www.niusnews.com/=P0hg4vhl8,www.niusnews.com
LECREUSET快樂悠然綠的香料盛宴！法比歐攜手與你共創幸福的溫度 | LECREUSET、快樂悠然綠、法比歐、廚具 | 品牌新聞 | 妞新聞 niusnews,https://www.niusnews.com/=P03hvl3n9,www.niusnews.com
《絕地求生》PGI.S 全球邀請賽 每週系列賽 Week 4  戰報,http://www.upmedia.mg/news_info.php?SerialNo=108569,www.upmedia.mg
不用擔心玩不到　赤燭推出網路商店！,http://www.upmedia.mg/news_info.php?SerialNo=108546,www.upmedia.mg
Google 新一代的 Nest Hub 能靠雷達來記錄你的睡眠狀態,https://chinese.engadget.com/google-nest-hub-2nd-gen-sleep-tracking-motion-sensing-143622451.html,chinese.engadget.com
iQOO Neo5 是一款力求均衡的 Snapdragon 870 新機,https://chinese.engadget.com/vivo-iqoo-neo5-snapdragon-870-125429851.html,chinese.engadget.com
羅技推出首款入耳式遊戲耳機 G333,https://chinese.engadget.com/logitechs-first-in-ear-gaming-headphones-cost-50-120024964.html,chinese.engadget.com
Amazon 將撿貨倉庫的「小遊戲」擴大到 20 個州的設施,https://chinese.engadget.com/amazon-warehouse-worker-fc-games-expansion-103015626.html,chinese.engadget.com
限時免費 Tipard PDF Converter Platinum 3.0.38 PDF 轉檔工具下載 :: 哇哇3C日誌,https://ez3c.tw/9252,ez3c.tw
年薪110萬中和買房只能買鳥籠？苦主淚訴看房心得：買得起的不喜歡，喜歡的都買不起-風傳媒,https://www.storm.mg/lifestyle/3539621,www.storm.mg
臺北市大數據應用實例大公開 | iThome,https://www.ithome.com.tw/news/143186,www.ithome.com.tw
柯P數據施政：用數據面對問題，是解決問題的第一步 | iThome,https://www.ithome.com.tw/news/143179,www.ithome.com.tw
Cruise買下自駕車新創Voyage | iThome,https://www.ithome.com.tw/news/143266,www.ithome.com.tw
憑證兜售網站WeLeakInfo的2.4萬名客戶資料被駭客公開了 | iThome,https://www.ithome.com.tw/news/143265,www.ithome.com.tw
Git 2.31開始提供背景維護功能 | iThome,https://www.ithome.com.tw/news/143263,www.ithome.com.tw
Google開發新方法LEAF改進音訊分類任務 | iThome,https://www.ithome.com.tw/news/143255,www.ithome.com.tw
微軟針對HPC推出新虛擬機器Azure HBv3 | iThome,https://www.ithome.com.tw/news/143250,www.ithome.com.tw
臉書與News Corp達成3年新聞合作協議 | iThome,https://www.ithome.com.tw/news/143264,www.ithome.com.tw
遠傳今年將把5G遠距診療推向蘭嶼、綠島 | iThome,https://www.ithome.com.tw/news/143262,www.ithome.com.tw
Amazon Go有意在臺籌設研發團隊，低調展開徵才，預計最快Q3就會上工 | iThome,https://www.ithome.com.tw/news/143241,www.ithome.com.tw
臺灣研究人員解析SolarWinds供應鏈攻擊事件，攻擊者善於規避偵測、偽裝並融入環境 | iThome,https://www.ithome.com.tw/news/143240,www.ithome.com.tw
簡訊轉寄服務太鬆散，駭客付錢就能攔截你的簡訊 | iThome,https://www.ithome.com.tw/news/143249,www.ithome.com.tw
AWS釋出混沌工程服務FIS，供用戶進行受控破壞性實驗找出系統盲點 | iThome,https://www.ithome.com.tw/news/143248,www.ithome.com.tw
殭屍網路程式也用Exchange漏洞發動挖礦攻擊 | iThome,https://www.ithome.com.tw/news/143247,www.ithome.com.tw
騰訊多媒體實驗室劉杉：沉浸式媒體是虛擬現實技術的下一步 | 機器之心,https://www.jiqizhixin.com/articles/2021-03-16-5,www.jiqizhixin.com
數學奧賽冠軍都做不對的題，卻被拿來考ML模型？GPT-3：我不行 | 機器之心,https://www.jiqizhixin.com/articles/2021-03-16-4,www.jiqizhixin.com
無需卷積，完全基於Transformer的首個視頻理解架構TimeSformer出爐 | 機器之心,https://www.jiqizhixin.com/articles/2021-03-16-3,www.jiqizhixin.com
純PyTorch語音工具包SpeechBrain開源，Kaldi：我壓力有點大 | 機器之心,https://www.jiqizhixin.com/articles/2021-03-16-2,www.jiqizhixin.com
Yes！AMD發佈7nm服務器芯片「米蘭」：Zen 3架構，IPC提升19%，最高64核 | 機器之心,https://www.jiqizhixin.com/articles/2021-03-16,www.jiqizhixin.com
微軟釋出Exchange Server漏洞的一鍵緩解工具 | iThome,https://www.ithome.com.tw/news/143246,www.ithome.com.tw
Google Chrome修補今年第三個遭開採的零時差漏洞 | iThome,https://www.ithome.com.tw/news/143244,www.ithome.com.tw
AWS S3滿15週年，已儲存1百兆個物件 | iThome,https://www.ithome.com.tw/news/143243,www.ithome.com.tw
Azure身分驗證機制故障造成Teams及Exchange等服務無法存取 | iThome,https://www.ithome.com.tw/news/143242,www.ithome.com.tw
【從科技引擎到數據引擎，北市數位轉型的下一步】臺北市如何用大數據管理市政 | iThome,https://www.ithome.com.tw/news/143177,www.ithome.com.tw
基礎研究沒有真正推動技術創新，誰該資助它？ | 機器之心,https://www.jiqizhixin.com/articles/2021-03-15-8,www.jiqizhixin.com
面對外界期盼，她不想做「神力女超人」！只要盡心享受過程中的美好，成果自然手到擒來！ | 創新拿鐵,https://startuplatte.com/2021/03/16/citi-bank-jane-fraser/,startuplatte.com
影評／迪士尼《尋龍使者：拉雅》打造首位東南亞公主！靠武術和萌獸征服全世界-風傳媒,https://www.storm.mg/lifestyle/3541787?page=1,www.storm.mg
日本人低估惡劣天氣，讓89名漢人慘死合歡山中…揭臺灣史上最嚴重的山難「野呂寧事件」-風傳媒,https://www.storm.mg/lifestyle/3540391?page=1,www.storm.mg
2021賞花攻略》嘉義阿里山「2021瑞裏紫藤花季」浪漫開幕！ 26處賞花景點大公開-風傳媒,https://www.storm.mg/lifestyle/3541926,www.storm.mg
在玩家幫助下，Rockstar 終於有望修復《GTA Online》載入過慢的問題了,https://chinese.engadget.com/rockstar-gta-online-pc-loading-times-fix-090058162.html,chinese.engadget.com
中信中國高股息00882殖利率7%可買嗎？入手前3件事先搞懂，高配息絕不等於高報酬-風傳媒,https://www.storm.mg/lifestyle/3539479?page=1,www.storm.mg
8BitDo 的 Pro 2 手把增添背鍵與快速設定檔切換鍵,https://chinese.engadget.com/8-bitdo-pro-2-controller-073016461.html,chinese.engadget.com
如何說服老闆購買最近很夯的儲能系統？專家教你聰明溝通3步驟，保證一開口就能打動人心-風傳媒,https://www.storm.mg/lifestyle/3541306?page=1,www.storm.mg
成功人士必做的3個早晨習慣！專家傳授超強祕訣，重複做30天就能養成-風傳媒,https://www.storm.mg/lifestyle/3541220?page=1,www.storm.mg
體重沒變，竟成了肌少型肥胖？增肌減脂、健康慢活四原則 | 知 識 家 | 知識家,https://www.knowledger.info/2021/03/16/lose-weight-4-principles/,www.knowledger.info
年繳5萬替孩子買儲蓄險，繳到一半後悔想解約…網友一面倒勸媽堅持：未來小孩會感謝你！-風傳媒,https://www.storm.mg/lifestyle/3540951,www.storm.mg
BMW iDrive 8 系統能更好地為駕駛者所用,https://chinese.engadget.com/bmw-i-drive-8-reveal-060657600.html,chinese.engadget.com
最後兩天，Dyson 優惠套裝 74 折買齊 Supersonic、HP06、V11 Absolute Pro,https://chinese.engadget.com/dyson-2021-spring-bundle-sales-060603344.html,chinese.engadget.com
外國人喝酒最愛說的Cheers，除了「乾杯」還有什麼意思？2分鐘學會老外日常生活必說的英文單字-風傳媒,https://www.storm.mg/lifestyle/3541087?page=1,www.storm.mg
配股配息其實是左手換右手？存股達人孫悟天用2個案例，破解除權息背後迷思-風傳媒,https://www.storm.mg/lifestyle/3539408?page=1,www.storm.mg
學霸都在這時間讀書的？他揭學習的黃金時段：這一小時記憶力會達到顛峯-風傳媒,https://www.storm.mg/lifestyle/3539536?page=1,www.storm.mg
搶救9天仍不治！女騎士遭賓士撞擊，無照富少下場曝光-風傳媒,https://www.storm.mg/lifestyle/3541028,www.storm.mg
百度自駕車在滄洲獲準收費載人路試,https://chinese.engadget.com/baidu-apollo-go-commercialization-tests-changzhou-030015189.html,chinese.engadget.com
5G概念ETF至少再夯5年！專家公開挑選3原則，一分鐘找出最適合你的5G商品-風傳媒,https://www.storm.mg/lifestyle/3531802,www.storm.mg
我的產品如何做贏跨國企業？原來巨頭也有不能做的產品 - 專案管理生活思維,https://www.projectup.net/article/view/id/16707,www.projectup.net
孩子該用什麼心態面對班上特殊生？資深教師道出心碎真相：他們的存在，提醒我們記得心存感激-風傳媒,https://www.storm.mg/lifestyle/3534077?page=1,www.storm.mg
IKEA敦北店將熄燈、內湖店緊接開幕！專家分析兩大商圈未來走向-風傳媒,https://www.storm.mg/lifestyle/3539827,www.storm.mg
Elon Musk 多了個「Tesla 電音王」的頭銜...,https://chinese.engadget.com/elon-musk-tesla-technoking-game-of-thrones-master-of-coin-010047000.html,chinese.engadget.com
產品很多，但每個都不賣？企業成功轉型的第一步：減法思維 - 專案管理生活思維,https://www.projectup.net/article/view/id/16713,www.projectup.net
拆解小米11，組件輕鬆可拆，iFixit 僅僅給出4分，仍勝 Galaxy S21 Ultra | Qooah,https://qooah.com/2021/03/16/ifixit-xiaomi-mi-11-teardown/,qooah.com
榮耀將推出 Magic 系列摺疊手機，對標「前妻」華為 Mate X | Qooah,https://qooah.com/2021/03/16/honor-will-launch-magic-series-folding-phones/,qooah.com
Chrome 以「無痕」為「有痕」？Google 或面臨 50 億美元罰款！ | Qooah,https://qooah.com/2021/03/16/judge-rules-5-billion-google-chrome-incognito-mode-lawsuit/,qooah.com
Microsoft Surface Duo 將於今年推出後續機，改善設計並支援 5G 網絡 | Qooah,https://qooah.com/2021/03/16/new-microsoft-surface-duo-in-2021/,qooah.com
中國境內實測，Signal 已死!! | Qooah,https://qooah.com/2021/03/16/china-blocked-signal/,qooah.com
Honda 發佈新車廂空氣過濾裝置，可隔絕武肺病毒，未來新車標配 | Qooah,https://qooah.com/2021/03/16/hondas-new-air-filter-battles-coronavirus/,qooah.com
【76人 對 尼克】NBA直播Live線上看， 03/17 美國職籃線上轉播 - 蘋果仁 - iPhone/iOS/好物推薦科技媒體,https://applealmond.com/posts/91981,applealmond.com
．2021\03\17\3S MARKET Daily 智慧產業新資訊 - 3S Market「全球智慧科技應用」市場資訊網,http://3smarket-info.blogspot.com/2021/03/202103173s-market-daily.html,3smarket-info.blogspot.com
綠角財經筆記: Vanguard FTSE Europe ETF分析介紹(VGK，2021年版),http://greenhornfinancefootnote.blogspot.com/2021/03/vanguard-ftse-europe-etfvgk2021.html,greenhornfinancefootnote.blogspot.com
．關於智慧位生產製造的七件事 - 3S Market「全球智慧科技應用」市場資訊網,http://3smarket-info.blogspot.com/2021/03/blog-post_17.html,3smarket-info.blogspot.com
「持有、交易、挖礦」全面封殺！印度擬祭加密貨幣「最嚴禁令」,https://blockcast.it/2021/03/15/india-would-be-the-first-major-economy-to-make-holding-cryptocurrency-illegal/?utm_source=rss&utm_medium=rss&utm_campaign=india-would-be-the-first-major-economy-to-make-holding-cryptocurrency-illegal,blockcast.it
